user_id,preferred_sport,preferred_day_of_week,preferred_hour,preferred_neighborhood,preferred_skill_level,avg_cost_tolerance,bookings_count,completion_rate
18bc79e0-fa16-4455-843b-657ce177260f,baseball,3.0,7.0,Corktown,all,8.0,4,1.0
bbe48ccc-f387-466d-97e2-c37df8c907c3,,,,,,0.0,0,0.0
ece6b760-1db3-4f6e-9228-90c36c1562bd,badminton,3.0,10.0,Seward,beginner,3.22,23,0.913
aaf5003f-4ef0-4808-90b2-6a7d61be0448,basketball,3.0,9.0,Eastern Market,advanced,0.0,3,1.0
e929633d-7e79-416f-9dd7-8cec593274c0,badminton,3.0,7.0,Corktown,all,4.86,7,0.857
e409ba8c-5f00-44cc-a9ce-342ca6956c61,volleyball,6.0,8.0,Longfellow,advanced,3.78,9,1.0
b36ebd73-0009-4af0-8a8d-55a331ccf0b9,badminton,2.0,9.0,Corktown,all,9.0,4,1.0
18925d63-2153-402e-9fbc-ebb8684ed43b,baseball,0.0,10.0,Midtown,all,3.5,2,1.0
2e22e62f-6cec-4623-9dbe-a2f217f49051,frisbee,5.0,10.0,Pilsen,advanced,3.52,21,0.952
ad625d7d-a9eb-400c-97af-20b7abfe3156,baseball,1.0,10.0,Logan Square,all,0.5,4,1.0
6da4b729-a300-41b7-afd6-1f2be0013080,,,,,,0.0,0,0.0
6c5eeceb-ebd8-4b10-8dae-3be5ce2b8077,,,,,,0.0,0,0.0
8b4a47d6-3578-42bc-ba48-69edbc785c9a,hockey,0.0,10.0,Midtown,advanced,6.0,19,0.895
75f99593-8df5-46db-9dbd-615cf91fbca5,frisbee,2.0,9.0,New Center,all,6.0,2,1.0
7de9d8e7-f6d2-4c63-8db0-496ff5336f7d,,,,,,0.0,0,0.0
23d27cc5-fcdf-4b93-822e-3959bde54dfe,rugby,1.0,8.0,Isthmus,advanced,4.28,29,0.897
e7c0f561-fe7c-4106-9553-779026b2b4b6,,,,,,0.0,0,0.0
c063a390-335b-4712-8231-1d173e8b2fc4,baseball,3.0,20.0,Corktown,beginner,3.0,1,1.0
6ffdfbc1-2747-411f-be52-c49bda71b528,frisbee,1.0,17.0,Near West,advanced,3.0,3,0.667
5a59d999-cee8-458b-aefc-3b1f9b66cd1e,,,,,,0.0,0,0.0
039fad99-1605-4beb-8244-c54059a848be,,,,,,0.0,0,0.0
0f45d26e-ed34-4117-bb0e-1da9e2c2059d,badminton,3.0,17.0,Logan Square,beginner,10.0,1,1.0
d3626f5f-d307-40a5-978c-c820e5bac5b0,tennis,4.0,20.0,Rivertown,all,0.0,1,1.0
565b4faf-6021-4bb5-8ef1-0f21a6b59242,,,,,,0.0,0,0.0
8dfc91e8-0a51-4151-bcdf-263bceec5c8e,volleyball,1.0,20.0,Shorewood,all,4.11,57,0.965
4fc267aa-4325-4852-b2b4-3b137c7cceb1,,,,,,0.0,0,0.0
0e56b35c-3c88-4e34-a911-53cf1cf49ea8,,,,,,0.0,0,0.0
69f7163d-abe7-43dd-84c9-81bf104055ef,frisbee,1.0,20.0,Wicker Park,advanced,2.0,1,1.0
2bf20b3b-7da4-47f1-9608-310660fb805d,tennis,0.0,18.0,Isthmus,beginner,5.0,1,1.0
bff4375b-7421-49e9-87ec-62983c670f9a,frisbee,2.0,20.0,New Center,all,7.5,2,1.0
fca6842d-e485-4d25-a13b-d22b460078e7,football,1.0,7.0,Lincoln Park,intermediate,3.6,30,0.9
ddb94e1a-c9f1-4615-bd0a-4d9a6d63a1de,football,4.0,20.0,Hyde Park,intermediate,15.0,1,1.0
f5f75927-7360-4921-b1c1-1b3c21958b2a,cricket,0.0,7.0,Longfellow,all,0.0,1,1.0
4e9e5ac2-9fd1-4ea4-8986-fe411e257c3e,pickleball,3.0,10.0,Seward,intermediate,3.13,23,1.0
6892b6c4-7c33-4796-8d87-3bf5dc577b47,volleyball,1.0,7.0,Wicker Park,advanced,5.0,1,1.0
eea2492c-d119-4490-8e4f-4e42a40ced1d,badminton,2.0,20.0,Midtown,all,3.9,100,0.94
b62ba580-fe99-4259-ae43-60c7e8c4ab4e,,,,,,0.0,0,0.0
1dc08e84-4d9d-43ea-a6a2-ce922741e4b7,basketball,1.0,8.0,Seward,intermediate,5.0,28,0.964
7f6535db-acd6-486b-bf85-d9b98199b4b9,soccer,2.0,20.0,Midtown,all,6.0,3,1.0
f968a22b-d84f-435d-b732-3f550db24488,tennis,2.0,7.0,Longfellow,advanced,3.5,2,1.0
58cc58a4-d13f-4693-917d-bfc2485af50e,,,,,,0.0,0,0.0
2a1b7ae2-d714-4935-8acd-74ee4bdde60b,football,2.0,10.0,Wingra,all,7.0,1,1.0
9007fc16-f35c-40c6-9d40-3764f11e2ffb,baseball,1.0,17.0,Eastern Market,intermediate,7.33,3,1.0
6a07f0e2-f905-4852-853f-13c0c5c4a395,,,,,,0.0,0,0.0
ef33a470-e377-407d-9ce9-99f80c395d02,baseball,1.0,10.0,Walker's Point,beginner,3.0,1,1.0
bae1e849-df24-4c08-8c43-8efb4a6c8664,volleyball,2.0,18.0,Vilas,all,2.95,21,0.905
071dfc68-5b41-4275-bf72-d96b73aeeae1,baseball,5.0,9.0,Corktown,all,4.11,9,0.778
3b0cf123-7969-4817-8da6-0a5be2881a47,,,,,,0.0,0,0.0
a013855c-2bcb-4eac-91bb-128af8ee6d26,,,,,,0.0,0,0.0
b5a1fc0d-ae31-447d-9fc4-53dd47c24e6a,,,,,,0.0,0,0.0
0e7807bd-9f43-46d3-8ea2-e7c27cd99afb,frisbee,0.0,17.0,Wingra,all,2.27,22,0.909
133b6ffb-88c1-4d77-8028-ad06b44c37ab,badminton,0.0,8.0,Shorewood,all,2.05,20,0.9
87b7ebc3-eaca-4138-93cb-7eaaa152baca,,,,,,0.0,0,0.0
775e2439-cba6-4338-92a2-9aefcb62e911,badminton,3.0,17.0,Midtown,all,0.0,2,1.0
858b9346-9f0d-4bd1-923d-0dd09ed09914,hockey,0.0,10.0,Midtown,advanced,4.14,14,0.786
7ba9a0bf-66ed-4ad9-be0e-60669d22fd73,hockey,1.0,7.0,Lincoln Park,all,1.0,2,1.0
f657b3ef-21f4-401e-8616-f26a7112563d,basketball,1.0,7.0,Bay View,intermediate,4.0,3,1.0
43ec988d-0e62-4b83-9838-f3daa203eb3d,soccer,6.0,8.0,Shorewood,advanced,5.23,22,0.955
8c5f2c75-546a-4e19-826a-43005c800691,basketball,0.0,17.0,Hyde Park,advanced,6.0,11,0.727
09ee5682-2806-41a8-ad95-3092c6fd8e80,,,,,,0.0,0,0.0
b364eee9-9bcb-445f-ad3f-ed5e083e8e10,rugby,2.0,17.0,Walker's Point,beginner,10.0,1,1.0
d0a479ec-9200-4d73-93ac-0b10b352111a,,,,,,0.0,0,0.0
7b326a58-54b2-4bcc-8b52-4ff8ca7b60f1,hockey,5.0,10.0,Corktown,beginner,4.27,83,0.976
4b765d59-5414-45ad-90a9-3666dea67287,tennis,1.0,10.0,Midtown,intermediate,0.0,1,1.0
44f7801d-beeb-4685-957b-d4b6bead1bf9,cricket,2.0,9.0,Bay View,all,4.98,50,0.9
271ddd52-003c-4bf9-bd12-1651f7223219,baseball,3.0,17.0,Logan Square,all,4.53,17,0.882
ad17a54d-7e6e-4c27-9b6d-6ce0c633f43f,basketball,1.0,10.0,Bay View,intermediate,6.25,4,1.0
3a2921f5-be39-4d08-bc40-4298372b1927,,,,,,0.0,0,0.0
da09c21d-af2b-4e00-ab21-6b32f01a1184,,,,,,0.0,0,0.0
3bd5ba7c-5b65-4861-b32b-f2557b86ea69,,,,,,0.0,0,0.0
0542814d-3f8d-4c33-bbc0-3aaa92378597,frisbee,1.0,8.0,Shorewood,advanced,3.59,17,0.941
18bb590d-68d6-4e4a-bd8c-ec34a87b671d,,,,,,0.0,0,0.0
9f195bce-40a3-48d6-913a-24b5de0506ff,rugby,5.0,8.0,Logan Square,all,2.0,1,1.0
cadd1013-584a-41f5-8200-a9c506faa2e0,badminton,0.0,10.0,Lincoln Park,all,0.0,1,0.0
da306a1c-d9cd-43c8-aced-37e54c1c707b,,,,,,0.0,0,0.0
af5431b6-ade6-46ee-88b9-8f4261e7b6c2,,,,,,0.0,0,0.0
494f00a6-d226-4f7e-a050-f2fe0226fc6d,baseball,4.0,8.0,Bay View,intermediate,8.5,4,1.0
f240b819-c9c3-4b8e-8c86-49d8293b4278,frisbee,3.0,18.0,Corktown,advanced,2.0,2,1.0
f2dae530-945f-4b0c-a34e-40fd51f09ece,,,,,,0.0,0,0.0
477b7a42-8acf-4ffb-ae58-2a14d6386acc,volleyball,3.0,17.0,Tenney-Lapham,all,5.05,19,0.947
c4daf70d-58ec-4299-a169-eab7a03d42b1,badminton,3.0,20.0,Corktown,all,4.29,95,0.958
f07628c1-204d-46b1-a76d-b60aad226009,rugby,3.0,9.0,Logan Square,beginner,3.29,72,0.931
cf963777-0395-4727-8eff-b048b812f8c5,,,,,,0.0,0,0.0
8a3e2593-9a38-4954-acf7-439e7a7b5bcf,,,,,,0.0,0,0.0
c0fd2982-9b91-4457-a984-06ccc55aac0c,,,,,,0.0,0,0.0
9afedc0e-cf3a-4120-8527-beebeae94a06,,,,,,0.0,0,0.0
89ba3330-f5ca-43a4-abfd-8a722615fdf7,,,,,,0.0,0,0.0
da04188e-2968-454c-bf44-792d450c411e,badminton,1.0,7.0,Bay View,intermediate,3.09,22,0.955
74ad4bc0-e881-4041-9ade-e8909c4c8515,,,,,,0.0,0,0.0
01d35068-ab92-4cfb-aa25-8161458342da,frisbee,1.0,17.0,Lincoln Park,advanced,2.66,80,0.9
b2029431-e9f4-4026-b84d-073f790276cb,badminton,1.0,7.0,Lincoln Park,all,3.0,19,0.895
5b1ba7ab-e063-403a-a0d5-d912f86b42b8,football,2.0,10.0,Midtown,all,3.5,2,1.0
cdbd50cf-957d-4275-9814-a3d441a804f1,,,,,,0.0,0,0.0
fa8f654c-7e47-4c91-99a8-cf553eb75fa9,basketball,5.0,8.0,Bay View,beginner,10.0,2,1.0
07080c4f-bc21-4bff-b199-da381e2299f9,pickleball,0.0,7.0,Bay View,advanced,7.5,4,1.0
4d032d3d-a933-49e4-9e5d-01dbef757241,football,1.0,8.0,Logan Square,all,2.87,23,0.913
6d984071-7fa3-437e-b043-9af2d46c26fd,football,3.0,19.0,Midtown,all,2.63,27,0.926
048b8e12-ece7-468d-9b32-3bb7dc4ad226,,,,,,0.0,0,0.0
59ddb9d1-f3e5-4f82-b027-d9c06c0fbb18,,,,,,0.0,0,0.0
3f6ed640-a51a-43ca-894e-8fcac51f298f,basketball,3.0,8.0,Seward,advanced,0.0,1,1.0
8d65cec8-2d9f-48f1-84cc-ed740e71cb1e,pickleball,3.0,8.0,Pilsen,all,2.5,2,1.0
0be068b1-b8db-4a97-9274-74ce843ed428,,,,,,0.0,0,0.0
71362b8f-c8b6-4b52-ad71-09ade78d2120,cricket,0.0,7.0,Longfellow,all,0.0,1,1.0
9636d335-90a0-4d2a-b28a-14db30a791a6,,,,,,0.0,0,0.0
35a61fce-403b-4210-930e-37db609b593b,basketball,2.0,8.0,Midtown,advanced,5.32,19,1.0
4dacb442-14b2-46ee-96cc-7fdad843253b,baseball,2.0,8.0,Isthmus,advanced,5.0,2,1.0
cff87ede-b85c-4d77-ba03-60e123627991,,,,,,0.0,0,0.0
f3c306ea-63b7-4eb8-bb3b-17c78d2476a9,,,,,,0.0,0,0.0
44ed3c85-492f-4316-a532-f3fde47efb1f,badminton,3.0,7.0,Shorewood,advanced,0.0,3,1.0
f4cf5144-e876-4f09-af87-d8033a96ac1f,,,,,,0.0,0,0.0
30ccb127-9ffd-4af1-8d0e-51b185da139a,tennis,3.0,9.0,Midtown,beginner,4.56,95,0.947
ba7e35ec-d1c9-433b-b150-028f4f067c05,,,,,,0.0,0,0.0
19ecf631-bc65-4606-a260-0cac1766198f,volleyball,6.0,17.0,Shorewood,advanced,3.0,14,1.0
a5f7f804-a66f-48d0-a126-b33353dada53,basketball,5.0,9.0,Hyde Park,all,2.56,18,1.0
4642c093-d016-4df7-90d4-a8391f4cdb19,baseball,1.0,9.0,Isthmus,beginner,4.0,3,1.0
bdd43c55-60e1-48b3-8965-f522422a6e2b,,,,,,0.0,0,0.0
e440be06-19e4-47d4-a9f3-fd3670f3612a,,,,,,0.0,0,0.0
f80a515d-f780-4d32-b36d-a35be410089c,,,,,,0.0,0,0.0
a69a5de9-6fef-4bc4-8436-6af68d165ecf,volleyball,2.0,20.0,Midtown,all,4.08,98,0.929
05f09471-c7e3-4751-933c-fd212311cbe2,football,2.0,7.0,Pilsen,all,0.0,2,0.5
d8cef232-08b0-457c-8b14-0e1a024b0d11,frisbee,3.0,20.0,Vilas,intermediate,4.06,47,0.872
75504784-17e6-41d3-acca-7de2da00b3a2,soccer,3.0,17.0,Tenney-Lapham,beginner,0.0,1,1.0
fa4d7832-c590-497b-b851-c5307699ed63,,,,,,0.0,0,0.0
006ab9f8-4996-482d-a054-9f0378460ecf,volleyball,4.0,20.0,Seward,all,7.0,1,1.0
96cde805-ac0c-4140-8523-14645476e5e9,baseball,5.0,10.0,Bay View,advanced,3.75,4,1.0
37542211-66a8-47a6-bc9f-1690a27b448f,,,,,,0.0,0,0.0
40031f44-fef9-467b-8700-e20631064593,pickleball,6.0,20.0,Midtown,intermediate,0.0,1,1.0
ac6f73ed-bad3-4fde-b6c2-1f7c83f6ccee,,,,,,0.0,0,0.0
481e82e1-7ae4-4c51-af12-f82043481e53,baseball,1.0,7.0,Logan Square,all,2.0,9,1.0
1cdfae95-b4d6-4038-8147-c4f3d88d07ec,basketball,1.0,10.0,Lincoln Park,advanced,6.0,2,1.0
a519cca0-52d6-49e4-b080-390c29f208b5,,,,,,0.0,0,0.0
1a88a395-b586-4189-975b-211cb19467ac,soccer,3.0,17.0,Seward,beginner,4.05,62,0.935
9c6ce167-8b4f-4a29-accb-55934dfcd35a,frisbee,1.0,10.0,Wicker Park,all,3.43,54,0.889
f8db6b81-9787-4ff0-9844-412a180f5807,,,,,,0.0,0,0.0
881be873-290e-4193-8476-06eb51f88388,basketball,0.0,7.0,Bay View,all,1.5,2,1.0
23f38760-86cb-438c-a64c-37bfe81da62d,soccer,3.0,8.0,Wingra,all,5.24,29,0.966
4581802a-b6da-41f6-aca9-2048fb85d73c,pickleball,1.0,9.0,Eastern Market,advanced,1.5,2,1.0
edd281db-3e07-442b-86d0-8a4765fce028,frisbee,2.0,20.0,New Center,all,5.0,1,1.0
42811ddd-ac49-4ab7-9e48-9d51e713e252,,,,,,0.0,0,0.0
a3fd7c0c-fa2f-4472-877e-d0accdb37848,,,,,,0.0,0,0.0
1d7cfc8b-84ce-4d17-ac4a-81cc7623a1ad,frisbee,3.0,17.0,Tenney-Lapham,all,5.82,11,1.0
0331581c-570b-4d77-86c5-330d1c69274b,,,,,,0.0,0,0.0
1da5346d-0b5e-44fd-80af-027304511a3a,rugby,3.0,8.0,Isthmus,beginner,5.56,25,0.96
69d2dc33-2ddc-4a4b-bacf-86f20a5a5f5c,rugby,1.0,7.0,Isthmus,all,2.0,1,1.0
f06b793d-bbc9-4656-b738-2750a00f83c8,rugby,2.0,9.0,Logan Square,advanced,4.03,31,0.839
e058a3c1-973e-46e8-99a4-7f3937a40503,hockey,3.0,17.0,Riverside,all,3.12,8,1.0
7b0bfc76-9a75-49f4-905b-55e7abb670dd,,,,,,0.0,0,0.0
9766a65f-0e2b-4aba-a9a6-2b9a488e88a9,tennis,2.0,7.0,Wingra,all,0.0,1,1.0
80e415b2-97a5-4a7f-ac5e-e7c524b98bc6,frisbee,0.0,7.0,Seward,all,1.0,4,1.0
6f0da72b-170f-4d42-993c-b004e72b181f,cricket,2.0,9.0,Longfellow,beginner,15.0,1,0.0
7ad61e7d-821e-4dc6-b759-9c1cf2418860,soccer,6.0,18.0,Pilsen,intermediate,7.0,1,1.0
e944efd1-e275-41be-a081-4c97adac7ef0,badminton,3.0,18.0,Midtown,all,2.46,13,0.923
9ea28b57-9e57-4243-a3fa-e97fb2c6de5e,,,,,,0.0,0,0.0
efa30602-f9e0-4daf-95b5-43c0dd383a50,pickleball,1.0,7.0,Near West,advanced,2.5,4,1.0
3fdf9f3a-9600-4e92-8f34-454f3462521f,basketball,5.0,9.0,Near East,all,3.5,2,1.0
b5f5a348-95a1-42e4-abd5-2346ab5abadd,,,,,,0.0,0,0.0
3d630292-75a9-431a-bdd7-92727f95b31d,basketball,2.0,19.0,Lincoln Park,beginner,10.0,1,1.0
44c4b9b7-4a9b-4b18-8b5b-620925b3b08c,volleyball,2.0,17.0,Midtown,all,3.59,63,0.81
7eeaa194-0030-4ae9-ab64-600f690ea7c5,,,,,,0.0,0,0.0
49ed6b20-3259-4f91-82e4-64906bf18618,badminton,3.0,9.0,Shorewood,advanced,4.64,69,0.942
ec555012-c463-43e9-a599-49a6a40522a4,basketball,1.0,17.0,Corktown,beginner,2.78,18,1.0
c9f5e72b-9df3-4c29-85f5-50d1af56fafd,,,,,,0.0,0,0.0
aeaa04ca-ac44-4783-bc1c-2400ee8b5a7f,cricket,0.0,9.0,Longfellow,all,11.0,2,0.5
81bfad42-b900-4ad3-9b2c-b94612e06e14,pickleball,5.0,7.0,Seward,advanced,0.0,1,1.0
5ce32bbd-1853-4e73-8956-3a9bbb01d8c6,,,,,,0.0,0,0.0
f7c04b5a-8e43-4f12-a62e-40ea8dee6b3b,,,,,,0.0,0,0.0
04b2d5c1-5857-47c0-a3c0-103cbf91fff7,basketball,5.0,9.0,Wicker Park,all,3.31,29,1.0
83e13fe1-1288-4cdf-a904-ef39e21ce1f4,pickleball,6.0,20.0,Midtown,intermediate,0.0,1,1.0
dd30e847-d3dd-46ea-b884-c15562634783,,,,,,0.0,0,0.0
1ca65d53-84df-4987-ac6f-5f22f4480d33,,,,,,0.0,0,0.0
68db3434-a6a2-4392-a32c-33c167248f2d,football,2.0,19.0,Hyde Park,advanced,8.5,2,1.0
a0b4e51a-f4c7-4f34-9e53-deec1dab4fb6,,,,,,0.0,0,0.0
a6ac1874-88b2-43ad-8b35-d2e4cf0fdab6,,,,,,0.0,0,0.0
e2c907d1-baeb-4e44-8e71-b090755b7e39,rugby,5.0,17.0,Logan Square,all,3.44,81,0.926
f8c4ecae-7d38-40f9-ae86-a9628136bb9b,soccer,0.0,10.0,Hyde Park,advanced,2.18,22,1.0
9f4c6493-d330-4ff6-9b78-88ada1e6e760,volleyball,3.0,9.0,Midtown,all,3.46,13,1.0
3ab753a1-6b09-43c0-9cfe-f99c1d6c3105,,,,,,0.0,0,0.0
47ef1fbd-e9c1-45e1-b249-20fc6b9239bd,hockey,1.0,10.0,Riverside,all,3.75,95,0.916
0be5be22-6a80-4fb7-bd86-fc0a0f2eb3ad,,,,,,0.0,0,0.0
9435c6d7-2a3a-49e9-bc91-f133eb2829f9,,,,,,0.0,0,0.0
775adc9b-694e-4fd3-987d-936d31f62b4f,soccer,5.0,8.0,Bay View,beginner,5.0,1,1.0
e67e772a-29b1-41b8-a005-9f1fa1534c75,,,,,,0.0,0,0.0
187a2fb4-6da9-47a3-b030-08ee724b4631,cricket,3.0,10.0,Bay View,all,5.0,2,1.0
2a02a8c9-58d8-430f-962f-b16646f89bf1,,,,,,0.0,0,0.0
fe28714b-0fc9-4ef1-b6a3-defbc3a973e2,,,,,,0.0,0,0.0
ccffec7d-6de2-4cc9-b94f-59a742787212,volleyball,4.0,17.0,Bay View,advanced,4.5,6,0.833
65238ade-7c89-4ab2-a6c6-f4ec93442a2c,basketball,3.0,9.0,Lincoln Park,beginner,3.38,8,1.0
174f02fc-f8ab-4b76-9a63-ea85277941a3,,,,,,0.0,0,0.0
5bd985d0-d17d-47d4-818b-5ee9350a1906,pickleball,4.0,8.0,Pilsen,all,5.18,11,1.0
9a867117-c0cf-422c-b0a7-4f51060dd5db,volleyball,3.0,10.0,Longfellow,beginner,3.0,1,1.0
89ae8f09-7401-442d-8d7d-f4994699548c,,,,,,0.0,0,0.0
a8d07a64-416e-4d75-949c-75b0e480c48d,frisbee,3.0,9.0,Wingra,all,7.0,1,1.0
bc8e5e98-0f49-4165-881d-d41b1ca40276,soccer,0.0,10.0,Eastern Market,advanced,2.5,2,0.5
66a65db4-3c79-4a00-afcb-021d411e7ce7,,,,,,0.0,0,0.0
2af4c6e9-e502-4a16-8e14-3b047d94ed5c,hockey,0.0,17.0,Midtown,advanced,2.35,17,0.882
075edbd1-b02f-41e8-b2b3-ca8a895102df,soccer,0.0,10.0,Vilas,advanced,15.0,1,1.0
bc98a848-5790-4ed9-a8ba-8fb68f614cb7,baseball,0.0,17.0,Pilsen,all,2.77,30,0.967
54674073-d534-47c2-8abd-11af426fbccc,baseball,3.0,7.0,Logan Square,intermediate,5.09,11,1.0
16077633-cef4-47c2-8d0e-512e1a74dece,football,5.0,20.0,Walker's Point,all,0.0,1,1.0
a63fe379-1aae-4cfa-be44-33ba83a3a191,,,,,,0.0,0,0.0
6062e17f-cb3c-4b27-9fdd-0d0a764ebdbc,tennis,3.0,19.0,Bay View,all,0.0,1,1.0
e6619e5e-1377-4bd8-9b1d-343f684e0350,tennis,0.0,20.0,Eastern Market,advanced,3.0,1,1.0
26f542a8-37d8-465e-a713-b88fe042c2fb,,,,,,0.0,0,0.0
e1f8b717-06c0-4a57-9fba-3554835c372d,,,,,,0.0,0,0.0
9c9e5a45-390e-41ee-8291-24bb9156fd24,,,,,,0.0,0,0.0
b50a010a-8fcb-4236-a1bf-653729dff4af,,,,,,0.0,0,0.0
0eb0411e-40b7-4ca6-8c0c-8b46f25138be,pickleball,1.0,18.0,Near West,advanced,3.85,20,1.0
06c9b189-5fab-49c3-8526-384f73361c21,frisbee,1.0,17.0,Midtown,intermediate,3.49,82,0.963
e25b5b79-f242-4890-9813-13ec66cb799a,badminton,6.0,19.0,Seward,beginner,5.0,1,1.0
f8217e73-87ee-49c1-95c4-52d4cf7d8aa4,badminton,1.0,8.0,Logan Square,intermediate,4.31,36,0.917
21334859-890a-4123-844e-744aff6d9393,,,,,,0.0,0,0.0
38ed1681-87bb-46c8-a9a1-9445202c34ea,,,,,,0.0,0,0.0
d734f9da-a6ab-4adb-95c8-c8ed161f2c25,,,,,,0.0,0,0.0
1352bd49-3b86-42fd-9976-a80c1633eddb,basketball,3.0,9.0,Vilas,beginner,5.44,9,0.889
8a413caf-79c9-483a-a1d2-165867646597,football,4.0,20.0,Hyde Park,intermediate,15.0,1,1.0
b212bd3a-d084-496e-a3c7-bb5067249851,,,,,,0.0,0,0.0
3871b43b-c8c0-4407-a39c-6ac7dc33fcd7,basketball,3.0,9.0,Shorewood,beginner,0.0,1,1.0
9381ce0e-00c6-4b7d-8113-1d004bca2c79,,,,,,0.0,0,0.0
80f8b880-bf45-4d96-93e4-3554c15036d5,,,,,,0.0,0,0.0
a5d7b064-8971-4e00-84c6-4ee7dcd557fd,baseball,1.0,7.0,Shorewood,all,3.24,62,0.935
70b023ae-4e44-4d6c-bbdb-da9b656a3fa6,volleyball,3.0,10.0,Rivertown,intermediate,2.0,1,1.0
b239df3c-8ff2-45db-a7ed-3da8ccfe6825,,,,,,0.0,0,0.0
93195e39-9cd3-4b09-a9e0-73d3e09a4af8,badminton,5.0,17.0,Logan Square,beginner,4.44,16,1.0
e025f7b3-cafc-41d7-b064-51ad024fc340,,,,,,0.0,0,0.0
5c67639e-33d9-4db5-9033-670025eec2b6,frisbee,1.0,8.0,Wingra,all,3.59,29,0.828
f7824bac-712d-43ab-b02d-72794d325c3f,,,,,,0.0,0,0.0
aeacd066-31eb-4ab7-93b5-1a8f3f11541a,frisbee,3.0,18.0,Shorewood,all,3.64,77,0.935
0b5603c8-c588-4d02-b3ee-09aa3b4157e9,,,,,,0.0,0,0.0
ba3b9385-8ea9-4141-a059-0a0f40972ee9,rugby,4.0,17.0,Logan Square,intermediate,7.0,2,1.0
f25e59e4-c504-4682-b35a-d44bb08be771,,,,,,0.0,0,0.0
56af8eae-fbed-4b3e-a5bb-a723f1a8f7f0,,,,,,0.0,0,0.0
11488957-1d7f-4a68-850b-f6e654c1d83a,,,,,,0.0,0,0.0
6e871898-568c-499a-903c-17f2c95cf5df,baseball,1.0,8.0,Pilsen,all,4.0,2,1.0
ac9f7873-e3f2-405f-b65d-7829ae40ca5f,,,,,,0.0,0,0.0
41950fcf-50ef-4e11-a617-15ae53658ca3,volleyball,3.0,7.0,Longfellow,all,4.24,34,0.941
01837db3-6c51-4d46-a1c3-c12b89825e3f,,,,,,0.0,0,0.0
59717c0f-0ccc-439f-87ca-172b1aa3ef83,pickleball,0.0,18.0,Wingra,all,3.64,14,1.0
3c29f40b-4005-4413-8a0b-d487dd14f4f7,,,,,,0.0,0,0.0
b668c16d-82a5-478f-860f-74454c516b3e,rugby,4.0,17.0,Logan Square,intermediate,7.0,1,1.0
d5fb8256-3248-4772-9d4c-ab7ea24183ba,football,0.0,17.0,Hyde Park,all,0.0,2,1.0
d7ccc1e5-2c48-4b40-b411-2892d72e5bba,,,,,,0.0,0,0.0
f50d5c7c-f530-49b8-94c8-f3a44b54d0f1,frisbee,3.0,8.0,Hyde Park,advanced,1.33,18,1.0
7038296a-2289-440e-a5f5-568a147b69ec,volleyball,2.0,20.0,Longfellow,all,3.53,19,1.0
c5870ecf-207e-47ae-ae41-7919257be997,pickleball,6.0,20.0,Midtown,intermediate,0.0,1,0.0
202a178e-e8cc-497e-b541-d18063a1868c,,,,,,0.0,0,0.0
d07c1f2b-aea8-4634-b4e5-ab3f0e67f507,rugby,2.0,17.0,Walker's Point,beginner,10.0,1,1.0
eae88f80-9596-41af-9653-bc09a81d0209,volleyball,2.0,17.0,Bay View,all,3.08,13,0.923
cd33901e-87bb-43dc-aaac-9801f5c10f03,,,,,,0.0,0,0.0
4efdf5bf-4ba3-419a-87e5-cea2c5d79f3f,volleyball,2.0,10.0,Seward,intermediate,3.09,22,0.955
7c32e6e1-403b-4104-aa42-ea5c867274bb,basketball,1.0,8.0,Midtown,all,5.78,18,0.944
6e907951-61e3-4aed-90d8-ae0be17d0841,frisbee,3.0,10.0,Riverside,intermediate,3.0,1,1.0
7604078f-ec06-47d9-a39a-8bf1d7bf0fe5,soccer,2.0,10.0,Riverside,all,5.0,1,1.0
eec21b63-5beb-46b3-b1b1-8759386bab82,,,,,,0.0,0,0.0
98f63e6c-4c1f-4dc0-82b3-cbd63644a700,basketball,1.0,7.0,Longfellow,beginner,6.0,2,1.0
3804dd4a-945c-4181-acff-ab8a8f3c79b3,,,,,,0.0,0,0.0
bbc9493f-22ef-423d-8d13-facd4184cbe0,tennis,4.0,19.0,Eastern Market,advanced,3.94,16,0.875
a4cb443a-fa2a-4bcc-b43a-fade1b921225,basketball,1.0,7.0,Lincoln Park,all,5.0,2,1.0
104038f7-52ee-4c98-9212-58b44fd728fd,,,,,,0.0,0,0.0
bc56e6e0-13ef-4c0f-a6fe-9c5a590dd3c9,baseball,3.0,19.0,Bay View,beginner,5.82,11,0.909
0c9f1423-f727-4cd5-9c11-9f54a659d560,,,,,,0.0,0,0.0
f02b0a26-c451-4ecb-a085-2dd436ec4198,badminton,2.0,8.0,Midtown,advanced,6.0,2,0.5
8b9d9013-49ed-4415-8a1b-04a27145d3ed,,,,,,0.0,0,0.0
a39c62bc-8578-4889-978b-a725c69037fe,frisbee,5.0,8.0,Eastern Market,intermediate,3.7,90,0.933
45ffa1b4-ef24-4b18-a11b-b141be2544e4,soccer,6.0,18.0,Pilsen,intermediate,7.0,1,1.0
2147ccc2-2745-4cd7-9895-e1c781bc2196,soccer,2.0,10.0,Hyde Park,beginner,4.46,100,0.91
541ebc54-42cb-4f80-8358-2755e15379fa,,,,,,0.0,0,0.0
74ceda6e-9ec8-4199-b610-97fd943fc29f,,,,,,0.0,0,0.0
2a6c36a4-d9fe-4a5c-8322-8de836f6f5f5,,,,,,0.0,0,0.0
de4c47d9-9bf7-4a70-90e8-9cc5ff588e34,,,,,,0.0,0,0.0
688dfe6b-128b-4c35-9a85-6bed6f0e037c,volleyball,3.0,17.0,Eastern Market,advanced,4.0,88,0.92
d6a44820-e73c-4481-bcbb-787d1e114247,tennis,2.0,7.0,East Side,all,3.5,2,1.0
ef1407d6-aaff-437f-8046-db8c52fbc893,baseball,2.0,10.0,Walker's Point,advanced,5.0,1,1.0
a82dbf34-ecc4-4cdc-89e8-c91754a21160,hockey,0.0,17.0,Wingra,all,5.33,12,0.833
6be39a7a-b405-405e-8097-085ec4eff96b,,,,,,0.0,0,0.0
54bcabdf-bd73-4c49-a15c-e7f94439a5a2,baseball,5.0,10.0,Pilsen,all,3.14,28,0.964
c81fa6f5-fb69-49fd-9261-622f8d694669,,,,,,0.0,0,0.0
b35247be-aeda-4986-95fa-276c4fe1058e,,,,,,0.0,0,0.0
4fc53d33-aa74-495c-a38e-03b7a7ec5aa3,frisbee,3.0,17.0,Near East,all,0.0,1,1.0
09235e73-4fb6-4c45-ba49-c6c2285207fe,basketball,6.0,10.0,Lincoln Park,advanced,5.67,3,1.0
9b0cf326-c6c2-4cad-99fa-a1812400c6e9,,,,,,0.0,0,0.0
5fc500a6-4da5-4dea-9d13-54aec4215094,cricket,6.0,9.0,Seward,intermediate,10.0,1,1.0
2fef7f94-9ac1-4ec6-a7c7-6ccd9c915c61,badminton,6.0,9.0,Pilsen,all,3.0,22,1.0
ffee88fa-c20a-4396-a8cd-631dd70c25ca,,,,,,0.0,0,0.0
3bd7a84f-81ac-4b08-928b-e975da01104c,,,,,,0.0,0,0.0
130a64c5-6d73-4e83-9563-48702c991af6,rugby,5.0,8.0,Logan Square,advanced,0.0,1,0.0
b6363a8f-8792-41cf-aab3-581f57fc5358,tennis,2.0,7.0,Isthmus,all,1.5,2,1.0
b135e706-7ee9-4ab5-917b-f4f1967a02ea,,,,,,0.0,0,0.0
3a7a3ff0-d218-454f-9d05-c96aeed7d234,basketball,2.0,10.0,Lincoln Park,advanced,3.33,15,0.933
6dcb2181-5e1e-4078-b011-40210ed7a117,cricket,0.0,7.0,Bay View,all,0.67,3,1.0
c1082cc3-a9c5-4f13-850b-cc51a323704a,,,,,,0.0,0,0.0
4d688a08-b68c-49ce-9d8a-735ef32dd501,baseball,1.0,10.0,Logan Square,beginner,3.1,10,1.0
954ca534-fb20-425c-9774-b2c31da97ea6,tennis,4.0,9.0,Bay View,advanced,7.0,15,1.0
b119d9e2-a3b2-4335-aa4a-68eda104a223,hockey,3.0,9.0,Riverside,beginner,5.0,2,1.0
f6a60aee-f7b6-4a7f-926e-02f4dde8739e,,,,,,0.0,0,0.0
cd72b550-1ece-4915-a21a-faab09b58bf4,football,0.0,18.0,East Side,all,5.0,1,1.0
87994fd6-35bd-4890-8908-068f8db34f1d,football,3.0,17.0,Uptown,intermediate,1.58,12,0.917
026ae92a-e95b-4f22-8aed-4a30c81a9684,,,,,,0.0,0,0.0
34e9f40c-ec10-46c7-8a5b-0b61618ffb30,,,,,,0.0,0,0.0
d1ce2c44-2e0e-4285-b813-5ff8bc07f6a2,cricket,6.0,9.0,Seward,intermediate,4.71,14,0.857
f01d4855-2aff-48b6-a1ff-0b86e23dca9b,soccer,6.0,10.0,Vilas,all,3.97,61,0.951
fc175cd9-bccc-4b67-952b-f2a8566f279a,pickleball,1.0,17.0,Midtown,advanced,2.46,13,0.923
083e927c-3415-41ef-9b08-b34d68160729,,,,,,0.0,0,0.0
6bfa317a-9d56-409d-9863-d7d2cb31fa7d,,,,,,0.0,0,0.0
f1f40919-d676-4846-ae98-04f31d7256ef,,,,,,0.0,0,0.0
c3533533-696a-4669-a2d0-ce07f73fcf20,frisbee,3.0,18.0,Eastern Market,all,3.61,83,0.892
62a2b174-a2a4-4c98-84cf-86fb57a9ecf8,pickleball,3.0,8.0,Pilsen,all,5.0,1,1.0
b19811a1-b4b2-4da9-a85b-54cd99ec5465,rugby,2.0,9.0,Logan Square,intermediate,0.0,1,1.0
a45278ed-6bac-4b49-b071-e1937eee0c27,cricket,0.0,8.0,East Side,all,7.5,2,1.0
259a2da6-4720-4a1c-9005-a3a81ef0a44e,football,1.0,20.0,Midtown,all,2.92,79,0.899
69bef753-27f5-4a56-a003-d5cc5af3b61a,,,,,,0.0,0,0.0
e5250033-b920-410c-a6b6-d2722c48c128,tennis,4.0,20.0,Rivertown,all,0.0,1,1.0
a775ffee-6a97-45ef-950c-93b4e49ab46e,cricket,3.0,7.0,Bay View,all,4.0,26,0.962
d5fa442a-1612-4d49-ac01-1e8937292ae7,badminton,1.0,7.0,Midtown,all,3.33,3,1.0
42682837-6b4d-4f97-aec3-a16a45180a4b,baseball,3.0,10.0,Bay View,beginner,0.0,2,1.0
450a0aab-9cff-4af6-9295-b5da79b39988,,,,,,0.0,0,0.0
ae057f6e-36dc-4457-98c5-0247baad4942,,,,,,0.0,0,0.0
fc9056c7-7ce1-4f35-9ed1-91391e49c925,,,,,,0.0,0,0.0
559a008f-ac2b-489a-960d-c9a8908c9f7b,frisbee,3.0,17.0,Near East,all,0.0,1,0.0
a23294b3-e302-4abf-88dc-97683b8fedf0,rugby,2.0,9.0,Wingra,all,1.2,10,0.7
54f3c99f-24a6-4598-9878-f82e6a981f0d,basketball,3.0,8.0,Seward,advanced,0.0,1,1.0
2064dc34-73f6-4cd4-a173-a788f06aa651,rugby,5.0,17.0,Isthmus,intermediate,3.2,15,1.0
814e226e-2d5c-4d07-9b6f-d026b75fb8c4,,,,,,0.0,0,0.0
881fa249-3342-4907-b570-18574fbb3942,,,,,,0.0,0,0.0
e8885303-c5a0-40db-b887-8a9133b96bd3,hockey,6.0,19.0,Longfellow,all,3.46,76,0.947
4fd69210-4ec7-4a2b-9b07-7451e77ed173,,,,,,0.0,0,0.0
6b3a36ac-0d53-4eb1-82f9-ac93253eceff,badminton,3.0,8.0,Logan Square,advanced,3.4,5,1.0
59c9f928-f501-49f3-9f80-bb9731c1521b,badminton,1.0,18.0,Walker's Point,all,0.0,1,1.0
3fdc7766-6536-44d5-9aac-bc28b6df1800,,,,,,0.0,0,0.0
138ea2ec-f849-4a58-b682-a42c761d87d1,badminton,3.0,17.0,Logan Square,beginner,10.0,1,1.0
80721aa5-a9cb-4e7f-8eec-5df020119626,,,,,,0.0,0,0.0
e11f4968-632d-4a12-8f8f-e6abed14fec6,,,,,,0.0,0,0.0
81668a17-1efe-4f73-b435-c390fc77b621,,,,,,0.0,0,0.0
66491551-27f7-48d5-9437-788a288c2556,,,,,,0.0,0,0.0
36105c90-1312-422b-8481-4b3c7bde4893,hockey,5.0,18.0,Uptown,beginner,4.92,13,1.0
7ffdc204-fd8a-4fc1-ac3c-a85167ae2aba,hockey,5.0,17.0,Eastern Market,advanced,4.37,75,0.933
95e7915a-254e-49fe-9cd0-18dc237a6d59,,,,,,0.0,0,0.0
8d497583-85ee-4fa7-b875-fd7837d734ef,badminton,0.0,8.0,Eastern Market,advanced,8.5,2,1.0
74e50b02-245c-42db-8d38-f907a75851db,badminton,1.0,20.0,Uptown,intermediate,2.5,4,1.0
abafb729-953f-43d1-bc94-0ec402d8d1cd,frisbee,2.0,17.0,Near West,all,10.0,2,1.0
67e13709-1e1b-4b56-8a42-3aed0ec519bb,,,,,,0.0,0,0.0
726ed15a-451c-4a24-8bd1-710eda3e0a4b,basketball,5.0,8.0,Midtown,beginner,2.0,1,1.0
a117d029-cfe0-491b-a96f-56609de72cbe,frisbee,1.0,7.0,Isthmus,all,3.5,2,1.0
292a6a81-879f-4aa6-8fbe-928e070d6c7a,rugby,2.0,17.0,Logan Square,all,4.22,40,0.95
5aea00de-b4da-4f7e-af1b-01b94e173af6,pickleball,1.0,18.0,Midtown,advanced,5.0,2,0.5
a9f778b0-31a6-40f8-98e6-ece560f72da5,,,,,,0.0,0,0.0
1398c80b-7986-4c93-894c-6e29903bb023,,,,,,0.0,0,0.0
fad4d88b-0dcc-4c85-8cc6-8ec365f005f7,,,,,,0.0,0,0.0
02f2ef05-4b66-45d5-858c-0d4631f683d3,basketball,6.0,9.0,Midtown,advanced,3.25,12,1.0
a190a8e1-ab2c-412c-9318-bcdd35592cb6,football,2.0,18.0,Midtown,intermediate,4.0,19,1.0
360f3da4-67a7-488a-8420-5e75e5e999cf,rugby,2.0,9.0,Logan Square,all,3.86,42,0.833
731af187-92d5-4046-9b6f-8b56fb5cd66a,badminton,1.0,18.0,Eastern Market,all,4.17,12,0.917
383b0726-8612-41ff-980b-15bca197d05e,frisbee,1.0,20.0,Wicker Park,advanced,2.0,1,1.0
95ad15c2-3761-4a3e-975e-a80a6d0f34a5,volleyball,1.0,7.0,Lincoln Park,all,0.0,1,1.0
8974a1f0-389d-4ff8-976a-a31aba4d803b,basketball,0.0,9.0,Midtown,advanced,3.79,14,1.0
0843f043-4b09-4390-b60c-241826e71042,baseball,3.0,17.0,Midtown,advanced,5.0,1,1.0
c2e58a3e-6dd0-45a9-b557-07978be7efdb,,,,,,0.0,0,0.0
21912c72-0ee8-427a-89e0-03541bbf5f52,basketball,5.0,19.0,Wicker Park,advanced,0.0,1,1.0
e175c438-9b65-47bf-b8c2-a21c772526a9,baseball,1.0,10.0,Pilsen,intermediate,7.0,1,0.0
9e45b41f-3581-4370-8f79-5f77ec19a848,cricket,2.0,17.0,Uptown,beginner,2.0,1,1.0
f58e4b5f-19e0-4040-b45d-20424af0cd2d,,,,,,0.0,0,0.0
44f73918-aa86-4b42-9a80-a5314affc1d8,soccer,1.0,10.0,Bay View,intermediate,1.53,15,0.933
a87a63e9-7d94-4581-a6d8-91c12ef32d11,hockey,1.0,7.0,Isthmus,all,1.25,4,1.0
bcb469de-9510-4c9e-a817-36f6c5cc1152,,,,,,0.0,0,0.0
7785fec6-630e-499a-ad19-430f5f06663b,soccer,1.0,7.0,Logan Square,advanced,5.12,8,0.875
b008a8d5-a664-448a-b9b7-b1d40a49c61b,,,,,,0.0,0,0.0
0b7a91a0-ffac-45db-af58-67230400b0ba,,,,,,0.0,0,0.0
505892b1-9852-4b31-99b0-e481f33f0c6a,football,2.0,9.0,Midtown,all,3.88,8,0.875
cf1abab5-7095-4376-8e44-464a435ee04f,volleyball,6.0,8.0,Longfellow,advanced,7.0,1,1.0
8c2c81de-dea3-4b35-bd64-13005546ac75,,,,,,0.0,0,0.0
5b4ba5f5-8cf7-47d2-bfce-59be31a0bfdc,,,,,,0.0,0,0.0
06e69de6-5e4a-4516-a503-e231577496c1,cricket,6.0,9.0,Seward,intermediate,10.0,1,1.0
6befba65-ab0d-405e-94ee-30e1d8246285,hockey,6.0,17.0,Eastern Market,advanced,5.0,2,0.5
2ba58d80-4025-475f-a64f-52f7252d73ad,,,,,,0.0,0,0.0
616c6bb2-7d3c-4fa7-9614-b9ff1b61876b,,,,,,0.0,0,0.0
525dbd21-cde5-47e2-8110-b48a575fe105,,,,,,0.0,0,0.0
29263aab-cc17-4258-a935-1c176ad009e5,,,,,,0.0,0,0.0
ed88ce52-3f2d-4237-b48f-c9afe15e71b0,football,0.0,10.0,Lincoln Park,all,2.89,18,0.944
d4370e56-c029-46da-b0ee-e89b6812c1c1,badminton,1.0,10.0,Walker's Point,all,2.73,60,0.9
816b5904-1fc8-4b24-8995-7a18f5ebb50d,rugby,4.0,8.0,Corktown,all,1.57,7,0.857
cf6408c5-0d6f-4260-9e25-4b647a3424d0,,,,,,0.0,0,0.0
f2079dd4-1e9d-4190-92ac-d3d687162036,soccer,2.0,10.0,Isthmus,all,4.0,3,1.0
e0d5cd3b-55dc-4a07-b86b-59a3a96653aa,,,,,,0.0,0,0.0
fdfa0f70-0bd5-42c3-8a5a-ea7377c088e2,football,2.0,9.0,Hyde Park,intermediate,3.54,26,0.885
56f57bdc-5207-4c4c-9a6c-309fc1965868,soccer,0.0,10.0,Bay View,all,3.52,44,0.909
e3a6ce98-4ac2-4528-bfe6-f209352597e1,frisbee,1.0,7.0,Midtown,all,2.25,4,1.0
c7a4f247-41d7-4f41-bf2c-900fa097b84b,,,,,,0.0,0,0.0
ab064130-4ce2-4f57-9155-a756ca5bd803,,,,,,0.0,0,0.0
c85c9b76-2325-4b92-9270-71488089f651,,,,,,0.0,0,0.0
cceb459f-b86d-470d-a435-5044e45b8b90,,,,,,0.0,0,0.0
8ff8820b-103c-479b-abe3-f214a6255987,,,,,,0.0,0,0.0
817f1f80-53d2-4e59-a423-89e5b3a9dfb6,soccer,3.0,8.0,Bay View,all,3.76,25,0.88
9b971286-74d4-40da-9fde-c79c0312c7c9,,,,,,0.0,0,0.0
6822eb4c-2fe3-44fb-a6a3-b23a739f10d9,,,,,,0.0,0,0.0
b9519337-c516-4a2e-9b42-9d45cdae3206,,,,,,0.0,0,0.0
f971e5ad-fc81-4621-ac3f-e517d47cf835,,,,,,0.0,0,0.0
fae17aca-d5ab-46fb-91e2-a2c47a1e315b,,,,,,0.0,0,0.0
27474b7f-f444-4ac1-a847-051ccbafc9eb,volleyball,3.0,17.0,Midtown,all,0.0,1,1.0
14c49598-4f33-4270-ab48-a1424a2e1134,badminton,1.0,8.0,Riverside,advanced,3.35,23,0.87
6509798b-921b-461a-a5f7-97286d65bdd2,,,,,,0.0,0,0.0
60065e50-4bb2-4391-b222-38543ea28691,,,,,,0.0,0,0.0
c2ff142b-6fd0-4fbc-a53f-f7d29f31f5d5,frisbee,2.0,17.0,Walker's Point,all,3.34,47,0.915
d9a35cf3-a98f-4f37-9779-6867fe990d35,badminton,5.0,17.0,Uptown,intermediate,15.0,1,1.0
08cbd9ae-d321-46b0-85ba-6afeb39b67f2,,,,,,0.0,0,0.0
9363d99b-0d85-49b6-9e19-a74006330db9,,,,,,0.0,0,0.0
1cd6b2a9-d8c9-4f35-901e-f2d5a89ef72c,rugby,4.0,8.0,Corktown,advanced,6.43,14,0.929
f9825c41-6862-47d3-a606-29deee0e38ce,volleyball,0.0,18.0,Tenney-Lapham,all,7.0,1,0.0
2b3d464d-b532-4fa1-bddb-e3b083985eb8,pickleball,5.0,9.0,Seward,advanced,4.2,15,0.933
5638c2fb-bfe1-44d7-a99e-25e634980158,hockey,6.0,9.0,Eastern Market,advanced,2.5,2,1.0
39016ed4-36c1-4666-913b-b18e8f5c8159,baseball,1.0,9.0,Eastern Market,advanced,0.0,3,0.667
c3fca705-cd28-41c0-bcec-690d4b255ae6,badminton,5.0,8.0,Midtown,intermediate,5.26,35,0.914
23b3a77e-c5c4-474c-a8ca-297432433dda,,,,,,0.0,0,0.0
d5b70b10-c984-4886-9c52-58a0e43aa501,,,,,,0.0,0,0.0
b75a1db8-c69b-4551-91bf-b937d251c6e4,baseball,1.0,17.0,Tenney-Lapham,intermediate,0.0,1,1.0
75f0e178-edf6-403e-bc64-8c1aec0bca0f,,,,,,0.0,0,0.0
311484f6-7422-4805-a549-39884a900be6,,,,,,0.0,0,0.0
d676fe5f-b73d-46d0-82a2-8a9a6558c507,soccer,1.0,9.0,Pilsen,all,3.23,13,0.923
3fb3bec0-c59f-4440-bbcd-48228c724236,,,,,,0.0,0,0.0
e61218ff-ce7f-44ac-8756-66aaf2ddda13,,,,,,0.0,0,0.0
dee342d0-4f87-4ae5-be75-42a5ed09e31f,cricket,6.0,9.0,Logan Square,all,3.62,24,1.0
168218bc-79ba-4142-adfd-4b9957c66bad,,,,,,0.0,0,0.0
5e1fcc54-8b18-4899-8387-b904176be467,badminton,3.0,10.0,Wingra,all,4.62,21,1.0
ec2275cc-58ba-4fe1-a82e-0774e17f3b26,,,,,,0.0,0,0.0
efdd27bd-5f34-4552-9160-e3b8372acfc7,frisbee,2.0,9.0,Bay View,beginner,4.14,57,0.895
7d728832-bf9e-4622-ab40-d5f5b31435e5,hockey,3.0,17.0,Seward,advanced,3.25,64,0.906
bec9a960-cd24-4f90-8d14-d986b6ba4208,,,,,,0.0,0,0.0
853ee20d-7e44-43d6-b101-38c573e0448f,badminton,1.0,17.0,Wingra,all,3.84,37,0.892
d044138f-b562-449b-a965-189c5c98ebd8,,,,,,0.0,0,0.0
8eaa9194-9aed-4a92-a27a-d27bf343d0d7,rugby,5.0,8.0,Logan Square,all,2.0,1,1.0
705e18c8-fe59-41d9-87f8-350045013f82,football,2.0,10.0,Wingra,all,7.0,1,1.0
6fdfbd33-b2c4-4b3a-b6ac-73319759e063,,,,,,0.0,0,0.0
f3bafc7d-817d-49d4-affd-8d89d3564003,,,,,,0.0,0,0.0
6bd9cb22-12e8-411c-ac33-ce2450a12a78,,,,,,0.0,0,0.0
4706a9a3-3619-4572-a8f7-884afb0b393b,,,,,,0.0,0,0.0
5c5d5851-71b3-4ea5-8923-25bbdec058f2,pickleball,2.0,10.0,Hyde Park,all,3.43,35,0.914
0b88df00-6e81-4eba-9c91-d881a0056e50,badminton,0.0,10.0,Hyde Park,all,0.0,3,1.0
7f00ac0e-d334-4ef2-8592-5dd353aab08f,hockey,0.0,7.0,Seward,advanced,6.29,7,0.857
be339cff-4177-4353-99ed-c22d8af6c6d1,basketball,3.0,7.0,Near East,all,7.5,2,1.0
83b19d4d-219e-4da9-82fa-d77593153bad,hockey,1.0,7.0,Northeast,advanced,2.5,2,0.5
9019f535-d6eb-4b83-8c7f-f2ddc3a1a67e,,,,,,0.0,0,0.0
8a689c56-5823-4797-a933-4aba589512e4,cricket,4.0,17.0,Midtown,beginner,3.87,61,0.869
b7bd69fd-232b-4fff-aabf-3a24370a1efe,,,,,,0.0,0,0.0
93fff333-b845-46e2-bb6a-318b8478f4a5,hockey,4.0,8.0,Riverside,beginner,5.71,14,0.929
27293146-04c9-4e03-87a4-5ce3aaa40d8a,hockey,1.0,17.0,Seward,advanced,0.0,1,1.0
9496b689-7fb3-4692-bf8b-d0659e469813,baseball,2.0,10.0,Longfellow,beginner,2.5,2,1.0
a8402b89-cb16-41eb-931b-19b51cf386cf,,,,,,0.0,0,0.0
b7dbcaf6-2e29-45b9-8855-ff68081ec6da,,,,,,0.0,0,0.0
b517ff03-8877-4f87-aa24-f8b8b0c78551,baseball,1.0,7.0,Eastern Market,advanced,4.18,11,0.909
38a01afe-5088-47a8-bb54-2a5595c5ba21,,,,,,0.0,0,0.0
e43d4b4a-8fe1-4c8c-bf8f-3006ef3bcfa2,,,,,,0.0,0,0.0
d14953d8-bd1f-4c86-88ad-61351e6ad9db,,,,,,0.0,0,0.0
8e3c82f5-5aa9-4386-ba1a-3cecd9cb528a,baseball,3.0,7.0,Bay View,all,3.75,4,1.0
9358b8ae-28e5-4ca7-8ef1-f237a21c4f70,,,,,,0.0,0,0.0
114a13d1-a71b-4fd8-8952-365c04ef9570,badminton,5.0,20.0,Lincoln Park,intermediate,2.52,21,0.905
a855a6a8-0dff-4545-9598-5fc74049dc77,badminton,3.0,8.0,Seward,advanced,4.5,6,0.667
8ef7c03c-a930-4a8a-8470-682262a8ed32,,,,,,0.0,0,0.0
75500ca5-6d0c-499e-9f81-d69147e59671,basketball,1.0,7.0,Isthmus,all,2.0,2,1.0
c0caca13-67d7-4739-9036-5b6882c5cea6,,,,,,0.0,0,0.0
2d03c1f1-4851-46a0-805d-b515172ac281,,,,,,0.0,0,0.0
43087fa3-e215-4486-997c-0f5264b009c2,baseball,1.0,17.0,Midtown,intermediate,3.57,21,0.952
bdc1b2e6-6839-4e0b-8d12-4afadd7d4e01,football,4.0,7.0,Uptown,intermediate,0.0,1,1.0
b3ad7c02-eb90-47fa-8355-bed11101c080,,,,,,0.0,0,0.0
f0181d41-db45-4538-9d97-bc0060f4541f,soccer,1.0,7.0,Vilas,all,4.03,73,0.89
d4e014ef-3be4-43fa-88e0-bf6975202e9c,,,,,,0.0,0,0.0
e143caad-93bb-4a43-8142-2732eb3888c6,,,,,,0.0,0,0.0
71fdcf55-d2f2-4950-99d5-12eedab0a4ae,pickleball,4.0,9.0,Bay View,intermediate,7.25,4,1.0
461108cc-7b8e-4bcf-a937-50d9fdc49170,,,,,,0.0,0,0.0
5d40db3a-4b37-4cc8-8938-47ce02b1d62d,frisbee,3.0,17.0,Near East,all,0.0,1,1.0
e9418284-bf75-4cba-9316-ab655a158d2b,volleyball,2.0,7.0,Rivertown,all,2.24,21,1.0
6053021e-ccb6-450a-8adb-776d77141bde,,,,,,0.0,0,0.0
6b94df36-7de9-4fce-b19f-d1999dc6bb72,,,,,,0.0,0,0.0
785926d6-80b6-437d-882e-d395fe400803,,,,,,0.0,0,0.0
5b6e3794-a05c-45cf-aa9b-e14145a55263,,,,,,0.0,0,0.0
850ac27a-a1a9-4a2d-8503-20703ad30e4b,,,,,,0.0,0,0.0
c0078f74-092d-4628-9fab-3e6d52b879ba,badminton,4.0,20.0,Walker's Point,all,4.57,37,0.919
cf2af932-8786-4ef7-a3bc-80f70ea1c1d4,,,,,,0.0,0,0.0
a7765eed-f13c-4b8c-b3d0-d856f6bd9cc9,tennis,0.0,10.0,Longfellow,advanced,4.39,54,0.889
4273977a-4986-4114-bf0b-6936d88ccaae,baseball,1.0,9.0,Near East,intermediate,5.33,3,1.0
4344779a-9c6e-404f-ac94-875971abd1af,frisbee,1.0,18.0,Wicker Park,beginner,5.0,1,1.0
fdfcfe99-0d96-4b01-99e6-23a06f2dd002,basketball,3.0,9.0,Shorewood,beginner,2.4,5,1.0
f294ca90-c130-45be-94cf-07ec0d1c4a48,basketball,2.0,8.0,Riverside,beginner,5.47,19,0.895
5e3a3298-dc7b-46a9-8bcc-37c2f7b69ea1,hockey,3.0,9.0,Seward,advanced,3.33,15,0.867
3e22aa3e-2316-40ea-85df-5d85268bd162,soccer,5.0,17.0,Pilsen,all,3.71,42,0.881
2693a9c8-23e7-4c1f-9e0d-79ec31aacad4,soccer,3.0,10.0,Bay View,all,3.52,93,0.914
5660b019-bed3-4c5a-b0dc-a18ddb59ac91,,,,,,0.0,0,0.0
524b0e0c-b6f9-4f64-942c-e1ed38865822,,,,,,0.0,0,0.0
1ad44e46-f1f5-400a-b01e-33201c244cd0,soccer,2.0,10.0,Bay View,beginner,4.12,34,0.971
9fffec16-0533-4a3d-8ba0-6b0771939c9c,,,,,,0.0,0,0.0
e2d32fdc-a215-4763-b35b-cdeded188400,,,,,,0.0,0,0.0
a3cbb1ef-9d7b-4da7-8881-8fbd900f63e6,,,,,,0.0,0,0.0
497097c7-1b4c-405f-a5a6-bfb00013aa61,,,,,,0.0,0,0.0
684ce5c3-fb76-4fc5-a8f8-da229cb7759a,volleyball,2.0,8.0,Northeast,advanced,4.0,9,1.0
eb73705f-ac3f-414a-93cb-9bd86549224b,,,,,,0.0,0,0.0
916d7b48-2916-4ae6-861d-3707f41b6cee,football,2.0,19.0,Walker's Point,all,2.83,30,0.9
d929d1e0-3d0a-458a-b0ce-c198b14d151b,pickleball,6.0,20.0,Midtown,advanced,3.64,25,1.0
a2566a41-a170-4559-a1e6-af06a57ef17c,basketball,0.0,8.0,Midtown,beginner,4.36,22,0.909
eacb4269-f3af-49c8-922c-3dca105d3ce4,football,5.0,19.0,East Side,all,2.5,12,0.917
36790417-9e9d-479e-b022-bbd77318418e,,,,,,0.0,0,0.0
cea2165a-7713-4120-9c98-12cbb2443904,tennis,5.0,19.0,Wicker Park,advanced,3.62,96,0.865
e3207bfe-b46d-42d7-a9c5-d9b1484f1394,hockey,2.0,10.0,Bay View,advanced,5.11,19,0.947
746090b8-ee42-4b51-968b-a5ddba49d669,,,,,,0.0,0,0.0
