user_id,fav_sports,fav_days_of_week,fav_hours,fav_skill_level,fav_neighborhood,avg_cost_tolerance,segment
18bc79e0-fa16-4455-843b-657ce177260f,"[""football"", ""frisbee"", ""baseball""]","[1, 0, 3]","[18, 19]",beginner,Near West,6.76,casual
bbe48ccc-f387-466d-97e2-c37df8c907c3,"[""football"", ""volleyball""]","[5, 3, 2]",[8],advanced,Longfellow,8.32,one_timer
ece6b760-1db3-4f6e-9228-90c36c1562bd,"[""badminton""]","[1, 3, 6]",[7],beginner,Seward,13.4,regular
aaf5003f-4ef0-4808-90b2-6a7d61be0448,"[""volleyball"", ""pickleball"", ""hockey""]","[3, 0]","[17, 20]",intermediate,Eastern Market,14.51,casual
e929633d-7e79-416f-9dd7-8cec593274c0,"[""badminton""]","[0, 3]",[10],all,Vilas,7.14,regular
e409ba8c-5f00-44cc-a9ce-342ca6956c61,"[""volleyball""]","[6, 4]",[19],intermediate,Eastern Market,10.5,regular
b36ebd73-0009-4af0-8a8d-55a331ccf0b9,"[""rugby""]","[2, 5, 4]",[8],beginner,Longfellow,2.1,casual
18925d63-2153-402e-9fbc-ebb8684ed43b,"[""soccer"", ""hockey"", ""basketball""]","[4, 2, 3]","[10, 17]",advanced,Midtown,2.1,casual
2e22e62f-6cec-4623-9dbe-a2f217f49051,"[""baseball""]","[5, 3, 2]","[17, 18]",advanced,Pilsen,8.39,regular
ad625d7d-a9eb-400c-97af-20b7abfe3156,"[""basketball"", ""tennis"", ""frisbee""]","[1, 5, 2]",[8],all,Hyde Park,0.87,casual
6da4b729-a300-41b7-afd6-1f2be0013080,"[""cricket""]",[3],"[7, 17]",intermediate,Corktown,9.96,one_timer
6c5eeceb-ebd8-4b10-8dae-3be5ce2b8077,"[""football"", ""baseball""]",[1],[7],all,Northeast,1.35,one_timer
8b4a47d6-3578-42bc-ba48-69edbc785c9a,"[""hockey"", ""baseball"", ""frisbee""]","[1, 5]","[20, 10]",advanced,New Center,4.52,regular
75f99593-8df5-46db-9dbd-615cf91fbca5,"[""badminton"", ""frisbee"", ""football""]","[0, 2]",[20],beginner,Eastern Market,10.5,casual
7de9d8e7-f6d2-4c63-8db0-496ff5336f7d,"[""rugby""]","[1, 4, 6]",[18],intermediate,Pilsen,1.45,one_timer
23d27cc5-fcdf-4b93-822e-3959bde54dfe,"[""soccer"", ""rugby""]","[1, 4, 2]","[8, 10]",advanced,New Center,11.38,regular
e7c0f561-fe7c-4106-9553-779026b2b4b6,"[""tennis"", ""frisbee"", ""football""]","[0, 4]",[19],all,Northeast,0.62,one_timer
c063a390-335b-4712-8231-1d173e8b2fc4,"[""baseball""]",[2],"[18, 8]",all,Corktown,8.81,casual
6ffdfbc1-2747-411f-be52-c49bda71b528,"[""tennis""]","[4, 6, 3]","[7, 9]",advanced,Near West,7.23,casual
5a59d999-cee8-458b-aefc-3b1f9b66cd1e,"[""basketball"", ""hockey""]",[3],"[10, 20]",advanced,Midtown,8.58,casual
039fad99-1605-4beb-8244-c54059a848be,"[""hockey"", ""tennis""]",[3],"[10, 18]",advanced,East Side,12.39,one_timer
0f45d26e-ed34-4117-bb0e-1da9e2c2059d,"[""badminton""]","[0, 2]",[7],intermediate,Riverside,10.08,casual
d3626f5f-d307-40a5-978c-c820e5bac5b0,"[""volleyball""]","[4, 5]","[9, 7]",intermediate,Tenney-Lapham,3.45,casual
565b4faf-6021-4bb5-8ef1-0f21a6b59242,"[""basketball""]",[3],"[9, 20]",beginner,New Center,12.12,one_timer
8dfc91e8-0a51-4151-bcdf-263bceec5c8e,"[""volleyball""]","[3, 4, 1]",[20],intermediate,Seward,2.47,power
4fc267aa-4325-4852-b2b4-3b137c7cceb1,"[""tennis"", ""basketball""]","[6, 0, 4]","[19, 8]",all,Northeast,7.78,one_timer
0e56b35c-3c88-4e34-a911-53cf1cf49ea8,"[""basketball""]","[1, 2, 3]",[18],beginner,Riverside,3.94,casual
69f7163d-abe7-43dd-84c9-81bf104055ef,"[""cricket""]","[6, 0, 1]","[18, 8]",intermediate,Northeast,8.99,casual
2bf20b3b-7da4-47f1-9608-310660fb805d,"[""tennis"", ""volleyball"", ""basketball""]","[3, 1, 5]",[20],all,Midtown,3.44,casual
bff4375b-7421-49e9-87ec-62983c670f9a,"[""soccer""]",[4],"[7, 9]",intermediate,Midtown,10.41,casual
fca6842d-e485-4d25-a13b-d22b460078e7,"[""football"", ""volleyball""]","[0, 4, 6]",[10],intermediate,Seward,13.91,regular
ddb94e1a-c9f1-4615-bd0a-4d9a6d63a1de,"[""football""]","[1, 3, 0]",[20],advanced,New Center,4.3,casual
f5f75927-7360-4921-b1c1-1b3c21958b2a,"[""pickleball"", ""football"", ""basketball""]","[5, 0]",[18],all,Rivertown,14.49,casual
4e9e5ac2-9fd1-4ea4-8986-fe411e257c3e,"[""pickleball""]",[6],"[10, 18]",intermediate,Seward,11.77,regular
6892b6c4-7c33-4796-8d87-3bf5dc577b47,"[""pickleball""]",[2],"[19, 8]",advanced,Northeast,7.96,casual
eea2492c-d119-4490-8e4f-4e42a40ced1d,"[""frisbee"", ""badminton"", ""cricket""]",[2],[9],all,Wicker Park,6.39,power
b62ba580-fe99-4259-ae43-60c7e8c4ab4e,"[""cricket"", ""badminton""]","[1, 3]",[20],all,Lincoln Park,12.25,one_timer
1dc08e84-4d9d-43ea-a6a2-ce922741e4b7,"[""soccer"", ""basketball"", ""rugby""]","[0, 1]",[9],intermediate,Hyde Park,2.16,regular
7f6535db-acd6-486b-bf85-d9b98199b4b9,"[""cricket"", ""soccer"", ""baseball""]",[3],[17],advanced,Logan Square,0.83,casual
f968a22b-d84f-435d-b732-3f550db24488,"[""volleyball""]","[0, 4, 2]","[19, 9]",intermediate,Wingra,7.57,casual
58cc58a4-d13f-4693-917d-bfc2485af50e,"[""rugby"", ""frisbee"", ""pickleball""]",[6],[8],all,East Side,8.57,one_timer
2a1b7ae2-d714-4935-8acd-74ee4bdde60b,"[""tennis"", ""basketball"", ""football""]","[0, 5, 2]",[7],beginner,Walker's Point,13.87,casual
9007fc16-f35c-40c6-9d40-3764f11e2ffb,"[""badminton""]","[5, 4, 1]","[17, 19]",advanced,Midtown,11.68,casual
6a07f0e2-f905-4852-853f-13c0c5c4a395,"[""frisbee"", ""rugby"", ""soccer""]","[5, 4, 3]","[8, 17]",all,Uptown,2.1,casual
ef33a470-e377-407d-9ce9-99f80c395d02,"[""soccer"", ""baseball""]",[2],[17],all,Walker's Point,4.91,one_timer
bae1e849-df24-4c08-8c43-8efb4a6c8664,"[""football"", ""volleyball""]",[2],"[19, 18]",beginner,Rivertown,7.21,regular
071dfc68-5b41-4275-bf72-d96b73aeeae1,"[""baseball""]","[6, 5]","[8, 19]",all,Uptown,9.49,regular
3b0cf123-7969-4817-8da6-0a5be2881a47,"[""tennis""]",[5],[8],advanced,Pilsen,10.42,casual
a013855c-2bcb-4eac-91bb-128af8ee6d26,"[""rugby"", ""cricket"", ""soccer""]",[4],"[17, 7]",intermediate,Seward,2.06,casual
b5a1fc0d-ae31-447d-9fc4-53dd47c24e6a,"[""rugby"", ""cricket"", ""soccer""]","[4, 6]","[7, 19]",advanced,Walker's Point,8.85,casual
0e7807bd-9f43-46d3-8ea2-e7c27cd99afb,"[""frisbee""]","[6, 1]","[17, 7]",beginner,Seward,7.84,regular
133b6ffb-88c1-4d77-8028-ad06b44c37ab,"[""rugby"", ""pickleball"", ""badminton""]",[4],[20],all,Wicker Park,1.8,regular
87b7ebc3-eaca-4138-93cb-7eaaa152baca,"[""hockey""]",[3],"[18, 10]",intermediate,Midtown,10.07,one_timer
775e2439-cba6-4338-92a2-9aefcb62e911,"[""tennis"", ""hockey"", ""badminton""]","[5, 1]","[20, 9]",beginner,New Center,2.22,casual
858b9346-9f0d-4bd1-923d-0dd09ed09914,"[""hockey"", ""baseball"", ""football""]","[3, 0, 6]","[10, 17]",beginner,Midtown,14.8,regular
7ba9a0bf-66ed-4ad9-be0e-60669d22fd73,"[""hockey""]","[0, 2, 4]","[7, 17]",intermediate,Seward,8.82,casual
f657b3ef-21f4-401e-8616-f26a7112563d,"[""baseball"", ""soccer"", ""basketball""]","[6, 2, 1]",[7],beginner,Bay View,13.78,casual
43ec988d-0e62-4b83-9838-f3daa203eb3d,"[""pickleball"", ""soccer"", ""baseball""]",[6],"[8, 19]",advanced,Northeast,1.6,regular
8c5f2c75-546a-4e19-826a-43005c800691,"[""basketball"", ""soccer"", ""pickleball""]",[4],"[7, 19]",advanced,Longfellow,2.15,regular
09ee5682-2806-41a8-ad95-3092c6fd8e80,"[""volleyball"", ""hockey"", ""pickleball""]",[4],"[20, 7]",advanced,Seward,0.77,one_timer
b364eee9-9bcb-445f-ad3f-ed5e083e8e10,"[""badminton"", ""rugby""]",[2],"[8, 7]",beginner,Pilsen,13.92,casual
d0a479ec-9200-4d73-93ac-0b10b352111a,"[""rugby""]","[5, 3, 4]",[8],beginner,Near East,1.87,one_timer
7b326a58-54b2-4bcc-8b52-4ff8ca7b60f1,"[""baseball"", ""hockey""]","[5, 0]",[19],beginner,Riverside,2.9,power
4b765d59-5414-45ad-90a9-3666dea67287,"[""tennis""]",[4],"[19, 18]",intermediate,Wingra,0.82,casual
44f7801d-beeb-4685-957b-d4b6bead1bf9,"[""cricket"", ""basketball""]","[4, 6, 2]",[19],intermediate,Wingra,14.7,power
271ddd52-003c-4bf9-bd12-1651f7223219,"[""baseball"", ""frisbee""]",[4],"[10, 17]",all,Riverside,14.19,regular
ad17a54d-7e6e-4c27-9b6d-6ce0c633f43f,"[""baseball""]","[4, 3]","[20, 10]",intermediate,New Center,7.63,casual
3a2921f5-be39-4d08-bc40-4298372b1927,"[""badminton"", ""baseball"", ""football""]","[5, 1, 0]","[9, 19]",advanced,Wicker Park,9.52,casual
da09c21d-af2b-4e00-ab21-6b32f01a1184,"[""soccer"", ""football""]",[6],"[17, 9]",beginner,Corktown,6.28,one_timer
3bd5ba7c-5b65-4861-b32b-f2557b86ea69,"[""soccer"", ""baseball""]",[4],[17],beginner,Logan Square,10.53,one_timer
0542814d-3f8d-4c33-bbc0-3aaa92378597,"[""frisbee"", ""pickleball""]",[1],"[17, 9]",advanced,Near West,9.39,regular
18bb590d-68d6-4e4a-bd8c-ec34a87b671d,"[""tennis"", ""cricket""]","[6, 5, 3]","[10, 18]",all,Northeast,12.0,one_timer
9f195bce-40a3-48d6-913a-24b5de0506ff,"[""frisbee""]","[2, 0, 1]",[19],intermediate,Vilas,0.83,casual
cadd1013-584a-41f5-8200-a9c506faa2e0,"[""tennis""]","[3, 2]","[9, 7]",beginner,Logan Square,0.22,casual
da306a1c-d9cd-43c8-aced-37e54c1c707b,"[""pickleball"", ""football"", ""rugby""]",[1],"[17, 7]",advanced,Near West,14.38,one_timer
af5431b6-ade6-46ee-88b9-8f4261e7b6c2,"[""cricket""]","[2, 4]","[17, 8]",advanced,Uptown,5.82,one_timer
494f00a6-d226-4f7e-a050-f2fe0226fc6d,"[""tennis"", ""basketball""]",[5],"[10, 8]",advanced,Midtown,12.54,casual
f240b819-c9c3-4b8e-8c86-49d8293b4278,"[""frisbee"", ""badminton"", ""rugby""]","[0, 4, 3]","[20, 9]",all,Uptown,11.33,casual
f2dae530-945f-4b0c-a34e-40fd51f09ece,"[""baseball"", ""cricket""]",[2],[8],advanced,Seward,0.67,casual
477b7a42-8acf-4ffb-ae58-2a14d6386acc,"[""cricket"", ""volleyball""]",[3],"[18, 17]",all,East Side,1.26,regular
c4daf70d-58ec-4299-a169-eab7a03d42b1,"[""badminton""]","[6, 4, 3]","[18, 19]",advanced,Rivertown,5.5,power
f07628c1-204d-46b1-a76d-b60aad226009,"[""baseball"", ""rugby"", ""football""]",[3],"[18, 20]",all,New Center,7.57,power
cf963777-0395-4727-8eff-b048b812f8c5,"[""frisbee"", ""tennis"", ""soccer""]","[3, 6]","[7, 10]",advanced,Longfellow,13.76,one_timer
8a3e2593-9a38-4954-acf7-439e7a7b5bcf,"[""football"", ""frisbee""]",[2],[8],beginner,Bay View,0.37,casual
c0fd2982-9b91-4457-a984-06ccc55aac0c,"[""football"", ""baseball"", ""frisbee""]","[0, 3]",[8],intermediate,Seward,9.51,one_timer
9afedc0e-cf3a-4120-8527-beebeae94a06,"[""hockey"", ""rugby"", ""pickleball""]","[3, 6, 5]",[20],all,Eastern Market,11.73,one_timer
89ba3330-f5ca-43a4-abfd-8a722615fdf7,"[""basketball"", ""soccer"", ""frisbee""]","[3, 6]","[20, 9]",all,Near East,4.32,casual
da04188e-2968-454c-bf44-792d450c411e,"[""hockey"", ""pickleball"", ""badminton""]",[0],[7],all,East Side,11.66,regular
74ad4bc0-e881-4041-9ade-e8909c4c8515,"[""rugby"", ""cricket""]","[6, 1]",[7],advanced,Hyde Park,1.27,one_timer
01d35068-ab92-4cfb-aa25-8161458342da,"[""frisbee""]","[4, 1]",[19],advanced,Logan Square,0.55,power
b2029431-e9f4-4026-b84d-073f790276cb,"[""basketball"", ""badminton""]",[6],"[18, 20]",intermediate,Vilas,12.98,regular
5b1ba7ab-e063-403a-a0d5-d912f86b42b8,"[""rugby"", ""pickleball"", ""football""]","[4, 0, 1]",[7],all,Walker's Point,7.72,casual
cdbd50cf-957d-4275-9814-a3d441a804f1,"[""baseball"", ""rugby"", ""basketball""]","[4, 1, 3]","[10, 9]",intermediate,New Center,4.48,casual
fa8f654c-7e47-4c91-99a8-cf553eb75fa9,"[""football"", ""cricket"", ""baseball""]","[6, 5]","[18, 7]",all,Uptown,10.76,casual
07080c4f-bc21-4bff-b199-da381e2299f9,"[""pickleball"", ""badminton"", ""baseball""]","[0, 3]","[8, 20]",advanced,Wingra,8.93,casual
4d032d3d-a933-49e4-9e5d-01dbef757241,"[""football""]","[1, 5]",[8],intermediate,Longfellow,5.48,regular
6d984071-7fa3-437e-b043-9af2d46c26fd,"[""football""]",[3],[9],advanced,New Center,9.52,regular
048b8e12-ece7-468d-9b32-3bb7dc4ad226,"[""tennis"", ""football"", ""baseball""]","[5, 3, 6]",[20],advanced,New Center,3.53,one_timer
59ddb9d1-f3e5-4f82-b027-d9c06c0fbb18,"[""badminton""]","[3, 1, 6]","[18, 17]",advanced,Eastern Market,3.62,one_timer
3f6ed640-a51a-43ca-894e-8fcac51f298f,"[""tennis""]",[1],[19],advanced,Longfellow,4.25,casual
8d65cec8-2d9f-48f1-84cc-ed740e71cb1e,"[""volleyball"", ""rugby""]","[3, 6, 2]","[18, 17]",intermediate,Lincoln Park,13.54,casual
0be068b1-b8db-4a97-9274-74ce843ed428,"[""rugby""]","[1, 6]",[7],advanced,Riverside,9.79,one_timer
71362b8f-c8b6-4b52-ad71-09ade78d2120,"[""cricket"", ""pickleball"", ""baseball""]",[6],"[7, 18]",intermediate,Corktown,3.69,casual
9636d335-90a0-4d2a-b28a-14db30a791a6,"[""cricket"", ""basketball""]",[3],"[7, 9]",all,Bay View,1.67,one_timer
35a61fce-403b-4210-930e-37db609b593b,"[""hockey"", ""basketball""]","[1, 6, 2]",[8],advanced,Midtown,0.02,regular
4dacb442-14b2-46ee-96cc-7fdad843253b,"[""soccer""]","[1, 5]",[17],advanced,East Side,7.34,casual
cff87ede-b85c-4d77-ba03-60e123627991,"[""football""]","[5, 3]","[9, 10]",intermediate,Hyde Park,3.64,casual
f3c306ea-63b7-4eb8-bb3b-17c78d2476a9,"[""hockey"", ""football"", ""rugby""]","[6, 1, 5]",[10],intermediate,Near East,10.67,one_timer
44ed3c85-492f-4316-a532-f3fde47efb1f,"[""pickleball""]",[2],[7],beginner,Near West,0.14,casual
f4cf5144-e876-4f09-af87-d8033a96ac1f,"[""hockey"", ""basketball"", ""soccer""]","[1, 2, 3]",[17],intermediate,Pilsen,12.74,casual
30ccb127-9ffd-4af1-8d0e-51b185da139a,"[""tennis""]","[6, 3, 2]","[20, 19]",beginner,Near West,13.78,power
ba7e35ec-d1c9-433b-b150-028f4f067c05,"[""football"", ""cricket""]","[4, 0, 2]",[9],all,Pilsen,11.99,one_timer
19ecf631-bc65-4606-a260-0cac1766198f,"[""tennis"", ""volleyball""]","[3, 2]",[19],advanced,Northeast,5.2,regular
a5f7f804-a66f-48d0-a126-b33353dada53,"[""hockey"", ""basketball""]","[4, 5]",[18],advanced,Tenney-Lapham,4.76,regular
4642c093-d016-4df7-90d4-a8391f4cdb19,"[""volleyball"", ""frisbee"", ""soccer""]",[4],"[7, 8]",beginner,Tenney-Lapham,14.88,casual
bdd43c55-60e1-48b3-8965-f522422a6e2b,"[""basketball""]","[0, 6, 3]",[8],beginner,Midtown,13.46,one_timer
e440be06-19e4-47d4-a9f3-fd3670f3612a,"[""soccer"", ""football"", ""baseball""]",[5],[10],intermediate,Wingra,4.42,one_timer
f80a515d-f780-4d32-b36d-a35be410089c,"[""pickleball"", ""cricket""]",[0],[17],advanced,Midtown,3.47,casual
a69a5de9-6fef-4bc4-8436-6af68d165ecf,"[""pickleball"", ""hockey"", ""volleyball""]","[3, 2]","[10, 18]",beginner,Shorewood,11.38,power
05f09471-c7e3-4751-933c-fd212311cbe2,"[""rugby"", ""soccer"", ""baseball""]","[0, 6, 5]",[10],intermediate,Midtown,1.41,casual
d8cef232-08b0-457c-8b14-0e1a024b0d11,"[""football"", ""frisbee"", ""soccer""]",[2],"[8, 20]",all,Seward,12.88,power
75504784-17e6-41d3-acca-7de2da00b3a2,"[""cricket"", ""rugby"", ""volleyball""]","[6, 3, 5]",[17],all,Hyde Park,11.13,casual
fa4d7832-c590-497b-b851-c5307699ed63,"[""cricket"", ""baseball"", ""hockey""]",[5],"[17, 19]",beginner,Rivertown,1.5,one_timer
006ab9f8-4996-482d-a054-9f0378460ecf,"[""volleyball""]","[3, 4]",[20],intermediate,Isthmus,5.66,casual
96cde805-ac0c-4140-8523-14645476e5e9,"[""rugby"", ""pickleball"", ""badminton""]",[2],"[17, 10]",advanced,Riverside,9.03,casual
37542211-66a8-47a6-bc9f-1690a27b448f,"[""frisbee"", ""badminton""]",[1],[10],intermediate,East Side,5.91,one_timer
40031f44-fef9-467b-8700-e20631064593,"[""tennis""]",[2],"[9, 7]",beginner,Corktown,3.65,casual
ac6f73ed-bad3-4fde-b6c2-1f7c83f6ccee,"[""soccer""]","[4, 6]",[9],all,Tenney-Lapham,3.03,casual
481e82e1-7ae4-4c51-af12-f82043481e53,"[""baseball""]","[3, 0]",[8],all,Eastern Market,7.22,regular
1cdfae95-b4d6-4038-8147-c4f3d88d07ec,"[""cricket""]",[4],"[20, 10]",intermediate,Near East,3.79,casual
a519cca0-52d6-49e4-b080-390c29f208b5,"[""tennis""]","[5, 1, 6]","[20, 17]",all,Lincoln Park,1.08,casual
1a88a395-b586-4189-975b-211cb19467ac,"[""cricket"", ""soccer""]",[3],[7],advanced,Shorewood,12.69,power
9c6ce167-8b4f-4a29-accb-55934dfcd35a,"[""football"", ""frisbee""]",[0],[10],all,Riverside,12.78,power
f8db6b81-9787-4ff0-9844-412a180f5807,"[""frisbee"", ""cricket""]","[5, 1, 2]",[19],intermediate,Corktown,11.59,one_timer
881be873-290e-4193-8476-06eb51f88388,"[""pickleball""]","[2, 0, 1]",[10],intermediate,Lincoln Park,12.7,casual
23f38760-86cb-438c-a64c-37bfe81da62d,"[""pickleball"", ""soccer""]",[3],[8],intermediate,Near East,10.65,regular
4581802a-b6da-41f6-aca9-2048fb85d73c,"[""baseball"", ""hockey"", ""rugby""]","[1, 4]",[9],advanced,New Center,14.1,casual
edd281db-3e07-442b-86d0-8a4765fce028,"[""badminton""]",[5],[17],all,Isthmus,7.36,casual
42811ddd-ac49-4ab7-9e48-9d51e713e252,"[""football"", ""frisbee""]","[0, 2]",[8],all,Hyde Park,7.23,one_timer
a3fd7c0c-fa2f-4472-877e-d0accdb37848,"[""rugby"", ""cricket"", ""soccer""]","[0, 1, 6]",[7],all,New Center,13.75,one_timer
1d7cfc8b-84ce-4d17-ac4a-81cc7623a1ad,"[""badminton""]","[0, 3]",[17],beginner,Tenney-Lapham,2.81,regular
0331581c-570b-4d77-86c5-330d1c69274b,"[""rugby"", ""soccer"", ""cricket""]","[5, 2]","[18, 19]",advanced,Lincoln Park,0.75,one_timer
1da5346d-0b5e-44fd-80af-027304511a3a,"[""basketball"", ""rugby""]","[0, 5]","[8, 18]",intermediate,Isthmus,6.57,regular
69d2dc33-2ddc-4a4b-bacf-86f20a5a5f5c,"[""pickleball""]","[3, 6, 0]","[10, 7]",beginner,Eastern Market,1.94,casual
f06b793d-bbc9-4656-b738-2750a00f83c8,"[""rugby""]","[6, 2]","[9, 17]",beginner,Corktown,6.92,regular
e058a3c1-973e-46e8-99a4-7f3937a40503,"[""pickleball""]","[0, 3]","[17, 19]",all,Longfellow,2.66,regular
7b0bfc76-9a75-49f4-905b-55e7abb670dd,"[""pickleball"", ""badminton"", ""rugby""]","[1, 6]","[20, 8]",all,Walker's Point,9.9,one_timer
9766a65f-0e2b-4aba-a9a6-2b9a488e88a9,"[""tennis""]","[6, 5]","[10, 18]",all,Near East,8.43,casual
80e415b2-97a5-4a7f-ac5e-e7c524b98bc6,"[""badminton"", ""baseball"", ""hockey""]","[4, 1]",[18],advanced,Longfellow,6.6,casual
6f0da72b-170f-4d42-993c-b004e72b181f,"[""soccer""]","[4, 1, 0]","[9, 17]",intermediate,Near East,4.9,one_timer
7ad61e7d-821e-4dc6-b759-9c1cf2418860,"[""soccer""]","[6, 5, 4]","[8, 20]",all,Longfellow,2.08,casual
e944efd1-e275-41be-a081-4c97adac7ef0,"[""tennis""]",[4],"[18, 19]",beginner,Seward,8.13,regular
9ea28b57-9e57-4243-a3fa-e97fb2c6de5e,"[""pickleball"", ""frisbee"", ""badminton""]",[2],"[7, 9]",advanced,Near East,6.0,one_timer
efa30602-f9e0-4daf-95b5-43c0dd383a50,"[""frisbee"", ""pickleball""]","[2, 4]","[9, 17]",beginner,Pilsen,14.04,casual
3fdf9f3a-9600-4e92-8f34-454f3462521f,"[""tennis"", ""cricket"", ""badminton""]","[2, 4]",[19],beginner,Rivertown,13.69,casual
b5f5a348-95a1-42e4-abd5-2346ab5abadd,"[""rugby"", ""tennis"", ""badminton""]",[5],"[18, 8]",all,Uptown,7.21,one_timer
3d630292-75a9-431a-bdd7-92727f95b31d,"[""pickleball"", ""volleyball""]","[2, 3]",[10],advanced,Shorewood,6.15,casual
44c4b9b7-4a9b-4b18-8b5b-620925b3b08c,"[""volleyball""]","[4, 2]","[9, 8]",all,Uptown,5.04,power
7eeaa194-0030-4ae9-ab64-600f690ea7c5,"[""volleyball"", ""rugby"", ""soccer""]","[6, 3, 0]","[9, 8]",advanced,Shorewood,6.34,one_timer
49ed6b20-3259-4f91-82e4-64906bf18618,"[""frisbee"", ""badminton""]",[6],"[20, 7]",advanced,Walker's Point,11.86,power
ec555012-c463-43e9-a599-49a6a40522a4,"[""baseball""]","[6, 3, 1]","[8, 17]",beginner,Uptown,8.28,regular
c9f5e72b-9df3-4c29-85f5-50d1af56fafd,"[""frisbee""]",[4],"[17, 7]",intermediate,Corktown,14.99,casual
aeaa04ca-ac44-4783-bc1c-2400ee8b5a7f,"[""soccer"", ""cricket""]","[5, 2, 0]",[8],beginner,Logan Square,0.77,casual
81bfad42-b900-4ad3-9b2c-b94612e06e14,"[""rugby"", ""pickleball""]",[5],"[18, 20]",beginner,Northeast,6.25,casual
5ce32bbd-1853-4e73-8956-3a9bbb01d8c6,"[""volleyball""]","[1, 3, 4]","[8, 20]",all,Vilas,1.44,casual
f7c04b5a-8e43-4f12-a62e-40ea8dee6b3b,"[""soccer""]",[3],[7],all,Bay View,0.79,casual
04b2d5c1-5857-47c0-a3c0-103cbf91fff7,"[""soccer""]","[6, 5]",[9],advanced,New Center,12.35,regular
83e13fe1-1288-4cdf-a904-ef39e21ce1f4,"[""basketball"", ""soccer""]",[6],[19],all,Northeast,8.08,casual
dd30e847-d3dd-46ea-b884-c15562634783,"[""basketball"", ""baseball"", ""soccer""]","[1, 2, 6]","[10, 19]",intermediate,Seward,5.52,one_timer
1ca65d53-84df-4987-ac6f-5f22f4480d33,"[""pickleball"", ""volleyball""]","[6, 4]","[9, 7]",intermediate,Riverside,2.63,one_timer
68db3434-a6a2-4392-a32c-33c167248f2d,"[""basketball"", ""football"", ""hockey""]",[6],"[8, 10]",all,Hyde Park,13.13,casual
a0b4e51a-f4c7-4f34-9e53-deec1dab4fb6,"[""cricket"", ""rugby"", ""badminton""]","[1, 3]","[9, 20]",advanced,Midtown,8.5,casual
a6ac1874-88b2-43ad-8b35-d2e4cf0fdab6,"[""rugby"", ""football""]","[3, 0, 2]","[9, 10]",advanced,Logan Square,6.28,one_timer
e2c907d1-baeb-4e44-8e71-b090755b7e39,"[""rugby""]",[5],[17],all,Corktown,5.78,power
f8c4ecae-7d38-40f9-ae86-a9628136bb9b,"[""soccer""]","[2, 0]","[17, 18]",all,Longfellow,0.02,regular
9f4c6493-d330-4ff6-9b78-88ada1e6e760,"[""volleyball""]","[5, 6]","[8, 19]",all,Pilsen,7.05,regular
3ab753a1-6b09-43c0-9cfe-f99c1d6c3105,"[""cricket"", ""rugby""]",[2],[10],intermediate,Wicker Park,2.93,casual
47ef1fbd-e9c1-45e1-b249-20fc6b9239bd,"[""hockey""]",[1],"[10, 7]",all,Corktown,6.34,power
0be5be22-6a80-4fb7-bd86-fc0a0f2eb3ad,"[""basketball""]",[4],"[9, 8]",beginner,Longfellow,0.83,one_timer
9435c6d7-2a3a-49e9-bc91-f133eb2829f9,"[""football"", ""tennis""]","[3, 2, 1]",[20],all,Seward,1.5,one_timer
775adc9b-694e-4fd3-987d-936d31f62b4f,"[""basketball""]",[3],"[7, 9]",all,Riverside,11.31,casual
e67e772a-29b1-41b8-a005-9f1fa1534c75,"[""rugby""]","[6, 2, 0]",[10],advanced,Riverside,4.86,casual
187a2fb4-6da9-47a3-b030-08ee724b4631,"[""basketball"", ""frisbee"", ""badminton""]",[5],"[9, 10]",beginner,Midtown,14.56,casual
2a02a8c9-58d8-430f-962f-b16646f89bf1,"[""tennis"", ""hockey"", ""football""]","[4, 0]",[8],beginner,Northeast,1.55,one_timer
fe28714b-0fc9-4ef1-b6a3-defbc3a973e2,"[""basketball"", ""cricket"", ""frisbee""]","[2, 3]","[9, 20]",intermediate,Uptown,5.87,one_timer
ccffec7d-6de2-4cc9-b94f-59a742787212,"[""tennis"", ""volleyball"", ""baseball""]","[2, 6]",[17],advanced,Longfellow,4.81,regular
65238ade-7c89-4ab2-a6c6-f4ec93442a2c,"[""basketball"", ""football""]",[2],[17],all,Midtown,5.84,regular
174f02fc-f8ab-4b76-9a63-ea85277941a3,"[""volleyball"", ""hockey"", ""frisbee""]","[1, 3]","[19, 8]",all,Hyde Park,10.03,one_timer
5bd985d0-d17d-47d4-818b-5ee9350a1906,"[""pickleball""]","[4, 2, 0]","[19, 7]",beginner,Midtown,10.21,regular
9a867117-c0cf-422c-b0a7-4f51060dd5db,"[""baseball"", ""cricket"", ""basketball""]",[5],[10],intermediate,Isthmus,6.99,casual
89ae8f09-7401-442d-8d7d-f4994699548c,"[""frisbee""]","[4, 1, 6]",[19],intermediate,Lincoln Park,4.06,casual
a8d07a64-416e-4d75-949c-75b0e480c48d,"[""football"", ""rugby"", ""soccer""]",[3],[20],beginner,Uptown,14.45,casual
bc8e5e98-0f49-4165-881d-d41b1ca40276,"[""hockey"", ""cricket"", ""volleyball""]","[5, 0, 2]","[20, 10]",intermediate,Longfellow,14.73,casual
66a65db4-3c79-4a00-afcb-021d411e7ce7,"[""badminton"", ""frisbee"", ""baseball""]",[2],[7],beginner,Near East,11.92,one_timer
2af4c6e9-e502-4a16-8e14-3b047d94ed5c,"[""hockey"", ""tennis"", ""basketball""]","[0, 6, 5]",[10],advanced,Near East,2.45,regular
075edbd1-b02f-41e8-b2b3-ca8a895102df,"[""soccer"", ""pickleball""]","[6, 3, 0]","[20, 10]",all,Wicker Park,2.09,casual
bc98a848-5790-4ed9-a8ba-8fb68f614cb7,"[""baseball""]","[1, 0]","[10, 8]",all,Shorewood,14.62,regular
54674073-d534-47c2-8abd-11af426fbccc,"[""basketball""]","[3, 6]","[9, 17]",intermediate,East Side,6.47,regular
16077633-cef4-47c2-8d0e-512e1a74dece,"[""volleyball""]","[6, 2]","[7, 17]",all,Near West,4.53,casual
a63fe379-1aae-4cfa-be44-33ba83a3a191,"[""football"", ""rugby""]",[6],"[20, 18]",all,Shorewood,0.9,one_timer
6062e17f-cb3c-4b27-9fdd-0d0a764ebdbc,"[""hockey"", ""rugby"", ""soccer""]","[4, 6, 3]",[20],intermediate,Walker's Point,14.53,casual
e6619e5e-1377-4bd8-9b1d-343f684e0350,"[""tennis""]","[2, 3, 0]",[7],all,Hyde Park,13.01,casual
26f542a8-37d8-465e-a713-b88fe042c2fb,"[""baseball"", ""rugby"", ""soccer""]","[4, 5, 1]","[17, 9]",all,Near East,13.48,one_timer
e1f8b717-06c0-4a57-9fba-3554835c372d,"[""cricket""]","[5, 4]",[10],intermediate,Midtown,5.8,one_timer
9c9e5a45-390e-41ee-8291-24bb9156fd24,"[""football"", ""volleyball""]",[5],[17],advanced,Midtown,6.69,casual
b50a010a-8fcb-4236-a1bf-653729dff4af,"[""cricket""]","[0, 6, 3]","[8, 9]",all,Hyde Park,3.28,one_timer
0eb0411e-40b7-4ca6-8c0c-8b46f25138be,"[""pickleball"", ""cricket""]","[1, 3, 0]",[20],advanced,Northeast,2.93,regular
06c9b189-5fab-49c3-8526-384f73361c21,"[""frisbee""]","[5, 1]","[19, 17]",all,Uptown,12.01,power
e25b5b79-f242-4890-9813-13ec66cb799a,"[""pickleball"", ""badminton""]","[2, 6, 0]",[10],all,Shorewood,14.19,casual
f8217e73-87ee-49c1-95c4-52d4cf7d8aa4,"[""rugby"", ""badminton"", ""tennis""]","[4, 1]",[18],advanced,Hyde Park,10.09,regular
21334859-890a-4123-844e-744aff6d9393,"[""hockey"", ""volleyball""]","[4, 1, 5]",[19],all,Near East,7.46,one_timer
38ed1681-87bb-46c8-a9a1-9445202c34ea,"[""baseball"", ""basketball""]","[1, 6, 2]","[20, 10]",beginner,Near West,1.0,one_timer
d734f9da-a6ab-4adb-95c8-c8ed161f2c25,"[""volleyball"", ""cricket""]","[3, 0]","[10, 7]",advanced,Northeast,7.13,one_timer
1352bd49-3b86-42fd-9976-a80c1633eddb,"[""basketball"", ""hockey"", ""rugby""]","[3, 2, 5]",[19],advanced,Corktown,9.47,casual
8a413caf-79c9-483a-a1d2-165867646597,"[""football"", ""pickleball""]","[4, 6, 5]",[18],advanced,East Side,7.59,one_timer
b212bd3a-d084-496e-a3c7-bb5067249851,"[""hockey""]","[3, 2]","[9, 18]",beginner,Near East,2.98,one_timer
3871b43b-c8c0-4407-a39c-6ac7dc33fcd7,"[""hockey"", ""soccer""]","[1, 6, 3]","[8, 18]",beginner,Midtown,4.37,casual
9381ce0e-00c6-4b7d-8113-1d004bca2c79,"[""frisbee""]",[6],"[18, 8]",intermediate,Lincoln Park,2.63,one_timer
80f8b880-bf45-4d96-93e4-3554c15036d5,"[""hockey"", ""baseball""]",[2],[8],advanced,Pilsen,1.91,one_timer
a5d7b064-8971-4e00-84c6-4ee7dcd557fd,"[""rugby"", ""hockey"", ""baseball""]","[2, 1]","[18, 7]",intermediate,East Side,6.72,power
70b023ae-4e44-4d6c-bbdb-da9b656a3fa6,"[""football"", ""volleyball"", ""badminton""]",[1],[9],advanced,Rivertown,3.61,casual
b239df3c-8ff2-45db-a7ed-3da8ccfe6825,"[""soccer"", ""tennis"", ""pickleball""]","[6, 0]","[19, 9]",advanced,Corktown,3.54,one_timer
93195e39-9cd3-4b09-a9e0-73d3e09a4af8,"[""basketball"", ""football"", ""badminton""]","[0, 6]","[17, 10]",all,Hyde Park,13.63,regular
e025f7b3-cafc-41d7-b064-51ad024fc340,"[""football"", ""hockey""]","[6, 0, 4]",[10],beginner,Pilsen,6.11,one_timer
5c67639e-33d9-4db5-9033-670025eec2b6,"[""hockey"", ""frisbee""]","[0, 6, 4]","[7, 19]",intermediate,Wingra,13.09,regular
f7824bac-712d-43ab-b02d-72794d325c3f,"[""badminton""]",[2],[10],advanced,Uptown,4.02,one_timer
aeacd066-31eb-4ab7-93b5-1a8f3f11541a,"[""cricket"", ""frisbee""]","[5, 3]",[8],beginner,Longfellow,2.93,power
0b5603c8-c588-4d02-b3ee-09aa3b4157e9,"[""frisbee"", ""basketball"", ""cricket""]",[5],[18],beginner,New Center,2.88,casual
ba3b9385-8ea9-4141-a059-0a0f40972ee9,"[""volleyball""]","[4, 1, 6]",[9],advanced,Logan Square,12.22,casual
f25e59e4-c504-4682-b35a-d44bb08be771,"[""cricket"", ""volleyball""]","[3, 5]",[10],advanced,Uptown,6.49,one_timer
56af8eae-fbed-4b3e-a5bb-a723f1a8f7f0,"[""rugby""]","[3, 6, 4]","[18, 8]",all,Riverside,8.57,one_timer
11488957-1d7f-4a68-850b-f6e654c1d83a,"[""cricket"", ""badminton""]",[1],"[10, 18]",advanced,Rivertown,1.34,one_timer
6e871898-568c-499a-903c-17f2c95cf5df,"[""hockey"", ""tennis""]","[6, 1]",[17],beginner,Walker's Point,7.19,casual
ac9f7873-e3f2-405f-b65d-7829ae40ca5f,"[""hockey"", ""baseball"", ""pickleball""]",[6],[10],all,Lincoln Park,6.05,one_timer
41950fcf-50ef-4e11-a617-15ae53658ca3,"[""volleyball"", ""basketball"", ""cricket""]","[2, 4, 0]",[8],beginner,Riverside,6.96,regular
01837db3-6c51-4d46-a1c3-c12b89825e3f,"[""tennis""]",[5],[20],all,Lincoln Park,12.04,one_timer
59717c0f-0ccc-439f-87ca-172b1aa3ef83,"[""pickleball""]",[0],[9],intermediate,Near West,14.16,regular
3c29f40b-4005-4413-8a0b-d487dd14f4f7,"[""cricket"", ""football""]","[4, 5]",[7],all,Walker's Point,2.43,one_timer
b668c16d-82a5-478f-860f-74454c516b3e,"[""rugby"", ""football""]",[2],"[19, 17]",all,Logan Square,3.41,casual
d5fb8256-3248-4772-9d4c-ab7ea24183ba,"[""basketball"", ""badminton""]","[1, 0]","[17, 18]",all,Riverside,11.71,casual
d7ccc1e5-2c48-4b40-b411-2892d72e5bba,"[""cricket"", ""soccer"", ""hockey""]","[3, 0, 6]","[8, 18]",all,Longfellow,1.77,one_timer
f50d5c7c-f530-49b8-94c8-f3a44b54d0f1,"[""volleyball"", ""tennis"", ""frisbee""]","[6, 3]","[18, 20]",advanced,Wingra,3.7,regular
7038296a-2289-440e-a5f5-568a147b69ec,"[""volleyball"", ""tennis"", ""pickleball""]",[2],"[20, 10]",all,Northeast,13.77,regular
c5870ecf-207e-47ae-ae41-7919257be997,"[""cricket""]","[2, 6]","[10, 7]",beginner,Hyde Park,1.41,casual
202a178e-e8cc-497e-b541-d18063a1868c,"[""badminton"", ""frisbee""]",[3],"[17, 10]",advanced,Midtown,13.25,casual
d07c1f2b-aea8-4634-b4e5-ab3f0e67f507,"[""volleyball"", ""rugby"", ""tennis""]",[4],[18],advanced,Northeast,12.44,casual
eae88f80-9596-41af-9653-bc09a81d0209,"[""baseball""]",[6],"[9, 17]",all,Vilas,0.83,regular
cd33901e-87bb-43dc-aaac-9801f5c10f03,"[""tennis"", ""rugby""]","[0, 2, 5]","[7, 9]",beginner,Riverside,3.86,one_timer
4efdf5bf-4ba3-419a-87e5-cea2c5d79f3f,"[""hockey"", ""volleyball"", ""cricket""]",[3],"[9, 19]",intermediate,Wicker Park,3.46,regular
7c32e6e1-403b-4104-aa42-ea5c867274bb,"[""basketball"", ""football""]","[4, 0]",[18],intermediate,Midtown,7.97,regular
6e907951-61e3-4aed-90d8-ae0be17d0841,"[""baseball"", ""soccer""]","[6, 1]","[19, 18]",intermediate,Rivertown,8.68,casual
7604078f-ec06-47d9-a39a-8bf1d7bf0fe5,"[""soccer""]",[6],[20],intermediate,Bay View,13.83,one_timer
eec21b63-5beb-46b3-b1b1-8759386bab82,"[""rugby""]",[2],[8],beginner,Bay View,1.8,one_timer
98f63e6c-4c1f-4dc0-82b3-cbd63644a700,"[""basketball"", ""cricket""]",[0],[8],intermediate,Shorewood,12.41,one_timer
3804dd4a-945c-4181-acff-ab8a8f3c79b3,"[""rugby"", ""basketball""]","[6, 2]","[10, 17]",intermediate,Lincoln Park,6.71,one_timer
bbc9493f-22ef-423d-8d13-facd4184cbe0,"[""soccer"", ""baseball"", ""tennis""]","[5, 4]",[8],intermediate,Vilas,3.7,regular
a4cb443a-fa2a-4bcc-b43a-fade1b921225,"[""frisbee"", ""tennis"", ""cricket""]","[0, 4, 6]",[19],intermediate,Logan Square,10.33,casual
104038f7-52ee-4c98-9212-58b44fd728fd,"[""soccer"", ""badminton""]","[2, 6, 1]",[17],beginner,Wicker Park,9.16,one_timer
bc56e6e0-13ef-4c0f-a6fe-9c5a590dd3c9,"[""soccer"", ""badminton""]","[3, 4, 6]",[19],beginner,Wicker Park,6.14,regular
0c9f1423-f727-4cd5-9c11-9f54a659d560,"[""cricket"", ""basketball""]",[3],"[19, 18]",beginner,Uptown,12.45,casual
f02b0a26-c451-4ecb-a085-2dd436ec4198,"[""basketball"", ""rugby""]","[6, 3]","[18, 20]",all,Longfellow,7.93,casual
8b9d9013-49ed-4415-8a1b-04a27145d3ed,"[""frisbee"", ""cricket""]",[0],[17],beginner,New Center,7.22,one_timer
a39c62bc-8578-4889-978b-a725c69037fe,"[""tennis"", ""frisbee"", ""baseball""]","[5, 4, 2]",[8],intermediate,Rivertown,0.01,power
45ffa1b4-ef24-4b18-a11b-b141be2544e4,"[""football"", ""cricket""]","[6, 4]",[17],advanced,Tenney-Lapham,2.31,casual
2147ccc2-2745-4cd7-9895-e1c781bc2196,"[""football"", ""rugby"", ""soccer""]",[2],"[10, 9]",beginner,Tenney-Lapham,3.46,power
541ebc54-42cb-4f80-8358-2755e15379fa,"[""badminton""]","[2, 5, 0]",[20],all,Uptown,3.36,one_timer
74ceda6e-9ec8-4199-b610-97fd943fc29f,"[""football""]",[4],[18],all,Uptown,14.9,one_timer
2a6c36a4-d9fe-4a5c-8322-8de836f6f5f5,"[""cricket""]",[3],[18],advanced,Near West,12.9,one_timer
de4c47d9-9bf7-4a70-90e8-9cc5ff588e34,"[""tennis"", ""football"", ""volleyball""]","[6, 1, 5]","[10, 20]",beginner,East Side,11.98,one_timer
688dfe6b-128b-4c35-9a85-6bed6f0e037c,"[""volleyball"", ""tennis"", ""basketball""]",[3],[17],advanced,Pilsen,9.55,power
d6a44820-e73c-4481-bcbb-787d1e114247,"[""pickleball"", ""hockey""]","[2, 6]",[10],advanced,New Center,12.76,casual
ef1407d6-aaff-437f-8046-db8c52fbc893,"[""volleyball"", ""basketball"", ""football""]","[1, 2, 0]",[8],all,Midtown,9.84,casual
a82dbf34-ecc4-4cdc-89e8-c91754a21160,"[""hockey""]",[0],[20],intermediate,Tenney-Lapham,0.33,regular
6be39a7a-b405-405e-8097-085ec4eff96b,"[""badminton""]",[1],"[8, 17]",intermediate,Seward,6.64,one_timer
54bcabdf-bd73-4c49-a15c-e7f94439a5a2,"[""baseball""]","[0, 5, 3]",[17],all,Pilsen,8.24,regular
c81fa6f5-fb69-49fd-9261-622f8d694669,"[""soccer"", ""rugby"", ""volleyball""]",[5],[17],beginner,Longfellow,14.3,casual
b35247be-aeda-4986-95fa-276c4fe1058e,"[""frisbee"", ""tennis""]","[4, 2]",[18],advanced,Longfellow,5.28,casual
4fc53d33-aa74-495c-a38e-03b7a7ec5aa3,"[""football"", ""pickleball""]",[3],"[17, 8]",intermediate,Pilsen,11.65,casual
09235e73-4fb6-4c45-ba49-c6c2285207fe,"[""basketball"", ""pickleball"", ""volleyball""]","[3, 4]",[8],beginner,Vilas,3.35,casual
9b0cf326-c6c2-4cad-99fa-a1812400c6e9,"[""soccer"", ""baseball""]",[1],[19],all,Vilas,13.89,one_timer
5fc500a6-4da5-4dea-9d13-54aec4215094,"[""pickleball""]","[2, 0, 6]","[10, 7]",intermediate,Logan Square,14.55,casual
2fef7f94-9ac1-4ec6-a7c7-6ccd9c915c61,"[""badminton""]",[6],[17],advanced,Isthmus,1.17,regular
ffee88fa-c20a-4396-a8cd-631dd70c25ca,"[""cricket"", ""basketball"", ""frisbee""]","[3, 4]",[18],all,Near East,1.13,casual
3bd7a84f-81ac-4b08-928b-e975da01104c,"[""badminton"", ""pickleball"", ""volleyball""]","[2, 3, 6]",[18],beginner,Longfellow,5.53,one_timer
130a64c5-6d73-4e83-9563-48702c991af6,"[""football""]",[5],[17],advanced,Eastern Market,11.01,casual
b6363a8f-8792-41cf-aab3-581f57fc5358,"[""volleyball""]","[2, 3, 4]","[8, 17]",intermediate,Wingra,13.9,casual
b135e706-7ee9-4ab5-917b-f4f1967a02ea,"[""soccer""]","[5, 6, 3]",[18],intermediate,Uptown,5.1,one_timer
3a7a3ff0-d218-454f-9d05-c96aeed7d234,"[""basketball""]","[2, 5]",[9],advanced,Lincoln Park,5.03,regular
6dcb2181-5e1e-4078-b011-40210ed7a117,"[""baseball"", ""pickleball"", ""tennis""]","[6, 4]","[7, 8]",intermediate,Pilsen,7.34,casual
c1082cc3-a9c5-4f13-850b-cc51a323704a,"[""soccer""]",[1],[18],beginner,Rivertown,0.71,casual
4d688a08-b68c-49ce-9d8a-735ef32dd501,"[""baseball""]",[1],[18],beginner,Wicker Park,7.83,regular
954ca534-fb20-425c-9774-b2c31da97ea6,"[""tennis""]","[0, 4]",[9],advanced,Hyde Park,9.77,regular
b119d9e2-a3b2-4335-aa4a-68eda104a223,"[""football""]",[3],[9],beginner,Wicker Park,5.91,casual
f6a60aee-f7b6-4a7f-926e-02f4dde8739e,"[""hockey"", ""basketball"", ""football""]",[4],[7],all,Riverside,7.73,one_timer
cd72b550-1ece-4915-a21a-faab09b58bf4,"[""rugby"", ""baseball""]",[0],"[20, 18]",beginner,Riverside,9.02,casual
87994fd6-35bd-4890-8908-068f8db34f1d,"[""rugby""]","[1, 5, 4]",[20],intermediate,New Center,14.72,regular
026ae92a-e95b-4f22-8aed-4a30c81a9684,"[""football""]","[5, 3]",[19],all,Longfellow,14.81,one_timer
34e9f40c-ec10-46c7-8a5b-0b61618ffb30,"[""basketball""]",[3],[19],advanced,Bay View,4.86,one_timer
d1ce2c44-2e0e-4285-b813-5ff8bc07f6a2,"[""cricket"", ""soccer""]","[6, 0]",[18],beginner,Lincoln Park,3.99,regular
f01d4855-2aff-48b6-a1ff-0b86e23dca9b,"[""soccer"", ""baseball"", ""basketball""]",[6],"[10, 20]",intermediate,Shorewood,3.88,power
fc175cd9-bccc-4b67-952b-f2a8566f279a,"[""badminton"", ""pickleball""]","[1, 0]","[10, 19]",beginner,Near East,14.65,regular
083e927c-3415-41ef-9b08-b34d68160729,"[""volleyball""]","[0, 1, 5]","[8, 18]",all,Seward,2.72,casual
6bfa317a-9d56-409d-9863-d7d2cb31fa7d,"[""frisbee"", ""tennis"", ""volleyball""]","[5, 1]",[18],all,New Center,12.79,one_timer
f1f40919-d676-4846-ae98-04f31d7256ef,"[""frisbee""]",[1],[20],intermediate,Logan Square,5.14,casual
c3533533-696a-4669-a2d0-ce07f73fcf20,"[""frisbee""]","[3, 0]",[18],advanced,Tenney-Lapham,1.96,power
62a2b174-a2a4-4c98-84cf-86fb57a9ecf8,"[""rugby""]","[6, 1, 4]",[18],advanced,Isthmus,14.89,casual
b19811a1-b4b2-4da9-a85b-54cd99ec5465,"[""soccer"", ""baseball""]","[4, 3]",[10],all,Rivertown,0.21,casual
a45278ed-6bac-4b49-b071-e1937eee0c27,"[""cricket""]","[6, 1]","[19, 7]",beginner,Wicker Park,4.11,casual
259a2da6-4720-4a1c-9005-a3a81ef0a44e,"[""football""]",[1],[20],beginner,Uptown,5.78,power
69bef753-27f5-4a56-a003-d5cc5af3b61a,"[""badminton"", ""cricket"", ""tennis""]","[1, 0]",[19],advanced,East Side,14.86,casual
e5250033-b920-410c-a6b6-d2722c48c128,"[""basketball"", ""rugby"", ""baseball""]",[0],"[7, 19]",advanced,Bay View,13.43,casual
a775ffee-6a97-45ef-950c-93b4e49ab46e,"[""baseball""]",[5],"[19, 18]",beginner,Lincoln Park,13.94,regular
d5fa442a-1612-4d49-ac01-1e8937292ae7,"[""cricket""]","[4, 0, 2]","[7, 20]",all,Northeast,11.99,casual
42682837-6b4d-4f97-aec3-a16a45180a4b,"[""badminton"", ""frisbee"", ""baseball""]","[5, 1, 2]","[20, 10]",all,Shorewood,5.89,casual
450a0aab-9cff-4af6-9295-b5da79b39988,"[""badminton"", ""basketball""]",[6],"[19, 10]",advanced,Riverside,7.54,one_timer
ae057f6e-36dc-4457-98c5-0247baad4942,"[""baseball""]","[1, 2]",[8],beginner,Seward,5.28,one_timer
fc9056c7-7ce1-4f35-9ed1-91391e49c925,"[""football"", ""frisbee""]","[1, 4, 6]","[10, 20]",all,Vilas,2.13,casual
559a008f-ac2b-489a-960d-c9a8908c9f7b,"[""volleyball"", ""frisbee"", ""baseball""]",[4],[9],all,Logan Square,13.94,casual
a23294b3-e302-4abf-88dc-97683b8fedf0,"[""football""]","[5, 2]",[9],all,Longfellow,12.24,regular
54f3c99f-24a6-4598-9878-f82e6a981f0d,"[""basketball""]","[2, 3]",[18],all,Vilas,1.78,casual
2064dc34-73f6-4cd4-a173-a788f06aa651,"[""rugby"", ""tennis"", ""volleyball""]",[0],"[18, 9]",intermediate,Logan Square,2.34,regular
814e226e-2d5c-4d07-9b6f-d026b75fb8c4,"[""pickleball"", ""soccer"", ""cricket""]",[6],[10],advanced,Uptown,13.84,casual
881fa249-3342-4907-b570-18574fbb3942,"[""badminton""]",[4],"[20, 17]",beginner,Northeast,5.33,one_timer
e8885303-c5a0-40db-b887-8a9133b96bd3,"[""hockey"", ""cricket"", ""football""]","[6, 5]",[18],all,Midtown,1.01,power
4fd69210-4ec7-4a2b-9b07-7451e77ed173,"[""soccer""]","[0, 2]","[10, 7]",all,Near East,11.23,one_timer
6b3a36ac-0d53-4eb1-82f9-ac93253eceff,"[""baseball"", ""rugby""]","[1, 5, 2]",[9],intermediate,Hyde Park,0.91,regular
59c9f928-f501-49f3-9f80-bb9731c1521b,"[""baseball"", ""tennis""]","[1, 6]",[9],beginner,Shorewood,5.82,casual
3fdc7766-6536-44d5-9aac-bc28b6df1800,"[""football""]","[5, 6, 2]",[17],intermediate,Near East,14.49,one_timer
138ea2ec-f849-4a58-b682-a42c761d87d1,"[""soccer"", ""badminton""]","[1, 4, 0]","[10, 20]",intermediate,Wicker Park,1.39,one_timer
80721aa5-a9cb-4e7f-8eec-5df020119626,"[""basketball"", ""frisbee""]","[6, 0, 3]","[19, 17]",intermediate,Near East,9.19,one_timer
e11f4968-632d-4a12-8f8f-e6abed14fec6,"[""rugby"", ""baseball"", ""frisbee""]",[0],"[8, 17]",intermediate,Shorewood,9.73,casual
81668a17-1efe-4f73-b435-c390fc77b621,"[""basketball"", ""football""]","[4, 6, 1]","[7, 10]",beginner,East Side,11.46,one_timer
66491551-27f7-48d5-9437-788a288c2556,"[""tennis""]",[1],"[8, 18]",all,Midtown,4.61,one_timer
36105c90-1312-422b-8481-4b3c7bde4893,"[""hockey"", ""tennis""]",[5],"[20, 7]",all,Rivertown,10.94,regular
7ffdc204-fd8a-4fc1-ac3c-a85167ae2aba,"[""volleyball"", ""tennis"", ""hockey""]","[3, 5]",[19],advanced,Eastern Market,6.47,power
95e7915a-254e-49fe-9cd0-18dc237a6d59,"[""pickleball""]","[5, 4]","[10, 7]",all,Riverside,2.71,casual
8d497583-85ee-4fa7-b875-fd7837d734ef,"[""tennis"", ""soccer""]",[0],"[18, 10]",all,Longfellow,0.49,regular
74e50b02-245c-42db-8d38-f907a75851db,"[""badminton"", ""basketball"", ""football""]",[1],[20],beginner,Hyde Park,3.13,casual
abafb729-953f-43d1-bc94-0ec402d8d1cd,"[""soccer""]","[2, 3]","[10, 8]",beginner,Eastern Market,2.08,casual
67e13709-1e1b-4b56-8a42-3aed0ec519bb,"[""hockey"", ""soccer"", ""football""]","[6, 1, 3]",[8],all,Uptown,1.04,one_timer
726ed15a-451c-4a24-8bd1-710eda3e0a4b,"[""tennis"", ""rugby"", ""basketball""]",[6],"[19, 17]",advanced,Near East,0.36,casual
a117d029-cfe0-491b-a96f-56609de72cbe,"[""baseball"", ""basketball"", ""badminton""]","[5, 3]",[19],beginner,Near West,7.33,casual
292a6a81-879f-4aa6-8fbe-928e070d6c7a,"[""cricket"", ""rugby""]",[4],"[7, 19]",all,New Center,13.3,power
5aea00de-b4da-4f7e-af1b-01b94e173af6,"[""pickleball""]","[4, 3, 1]",[9],beginner,New Center,7.82,casual
a9f778b0-31a6-40f8-98e6-ece560f72da5,"[""football"", ""tennis""]",[5],[19],intermediate,Eastern Market,2.25,one_timer
1398c80b-7986-4c93-894c-6e29903bb023,"[""pickleball"", ""hockey"", ""volleyball""]","[4, 6]",[8],all,Rivertown,2.26,one_timer
fad4d88b-0dcc-4c85-8cc6-8ec365f005f7,"[""soccer""]",[2],"[20, 8]",beginner,Walker's Point,11.22,one_timer
02f2ef05-4b66-45d5-858c-0d4631f683d3,"[""basketball""]","[5, 2, 6]","[7, 9]",advanced,Isthmus,14.87,regular
a190a8e1-ab2c-412c-9318-bcdd35592cb6,"[""football""]",[3],[10],intermediate,Vilas,8.95,regular
360f3da4-67a7-488a-8420-5e75e5e999cf,"[""rugby""]","[3, 6, 2]",[8],all,Walker's Point,8.34,power
731af187-92d5-4046-9b6f-8b56fb5cd66a,"[""badminton""]",[3],"[10, 18]",intermediate,Eastern Market,6.25,regular
383b0726-8612-41ff-980b-15bca197d05e,"[""frisbee""]","[0, 2, 5]","[8, 10]",advanced,Pilsen,13.97,casual
95ad15c2-3761-4a3e-975e-a80a6d0f34a5,"[""soccer""]",[5],"[7, 18]",advanced,Midtown,10.89,casual
8974a1f0-389d-4ff8-976a-a31aba4d803b,"[""basketball""]",[4],"[17, 9]",advanced,Vilas,12.42,regular
0843f043-4b09-4390-b60c-241826e71042,"[""baseball"", ""frisbee"", ""hockey""]","[6, 0, 5]","[9, 10]",beginner,Logan Square,14.97,one_timer
c2e58a3e-6dd0-45a9-b557-07978be7efdb,"[""basketball"", ""soccer""]","[2, 5, 3]",[7],advanced,Longfellow,6.06,one_timer
21912c72-0ee8-427a-89e0-03541bbf5f52,"[""pickleball"", ""hockey""]","[5, 3]","[8, 19]",intermediate,Eastern Market,8.06,casual
e175c438-9b65-47bf-b8c2-a21c772526a9,"[""pickleball""]","[0, 5, 1]","[19, 17]",intermediate,Near East,1.36,casual
9e45b41f-3581-4370-8f79-5f77ec19a848,"[""cricket"", ""volleyball""]","[4, 2, 5]","[9, 20]",all,Wicker Park,12.96,casual
f58e4b5f-19e0-4040-b45d-20424af0cd2d,"[""hockey""]","[1, 3]",[7],beginner,Eastern Market,2.15,casual
44f73918-aa86-4b42-9a80-a5314affc1d8,"[""soccer""]","[6, 5]","[19, 8]",all,Eastern Market,5.07,regular
a87a63e9-7d94-4581-a6d8-91c12ef32d11,"[""rugby""]","[1, 5, 6]","[7, 20]",beginner,Walker's Point,14.39,casual
bcb469de-9510-4c9e-a817-36f6c5cc1152,"[""volleyball"", ""basketball""]","[4, 6, 5]","[17, 8]",advanced,Midtown,7.48,one_timer
7785fec6-630e-499a-ad19-430f5f06663b,"[""basketball""]","[4, 5]",[19],advanced,Wicker Park,4.16,regular
b008a8d5-a664-448a-b9b7-b1d40a49c61b,"[""pickleball""]","[3, 0, 5]","[19, 10]",advanced,Walker's Point,1.79,one_timer
0b7a91a0-ffac-45db-af58-67230400b0ba,"[""soccer""]","[6, 1, 5]",[8],intermediate,East Side,8.23,one_timer
505892b1-9852-4b31-99b0-e481f33f0c6a,"[""football""]",[2],"[18, 9]",beginner,Bay View,13.68,regular
cf1abab5-7095-4376-8e44-464a435ee04f,"[""soccer"", ""cricket""]",[6],"[18, 9]",beginner,Isthmus,9.3,casual
8c2c81de-dea3-4b35-bd64-13005546ac75,"[""baseball"", ""hockey""]",[0],"[17, 19]",intermediate,Logan Square,5.66,casual
5b4ba5f5-8cf7-47d2-bfce-59be31a0bfdc,"[""basketball""]","[1, 3, 2]","[19, 9]",intermediate,Northeast,7.91,casual
06e69de6-5e4a-4516-a503-e231577496c1,"[""cricket"", ""basketball""]",[4],[20],intermediate,Walker's Point,8.15,casual
6befba65-ab0d-405e-94ee-30e1d8246285,"[""baseball""]",[4],"[9, 19]",all,Near East,10.39,casual
2ba58d80-4025-475f-a64f-52f7252d73ad,"[""volleyball""]",[1],[19],all,Shorewood,9.27,one_timer
616c6bb2-7d3c-4fa7-9614-b9ff1b61876b,"[""pickleball"", ""soccer""]",[3],"[9, 17]",all,Wicker Park,0.62,one_timer
525dbd21-cde5-47e2-8110-b48a575fe105,"[""baseball""]","[6, 0]",[18],intermediate,Eastern Market,11.27,one_timer
29263aab-cc17-4258-a935-1c176ad009e5,"[""rugby"", ""football""]",[4],[18],intermediate,Longfellow,12.88,casual
ed88ce52-3f2d-4237-b48f-c9afe15e71b0,"[""soccer""]","[0, 1, 2]",[18],all,New Center,0.06,regular
d4370e56-c029-46da-b0ee-e89b6812c1c1,"[""badminton"", ""football""]",[1],[10],all,Logan Square,6.04,power
816b5904-1fc8-4b24-8995-7a18f5ebb50d,"[""frisbee"", ""cricket"", ""rugby""]",[5],[18],all,Corktown,1.33,regular
cf6408c5-0d6f-4260-9e25-4b647a3424d0,"[""football"", ""cricket""]","[3, 5]","[20, 17]",intermediate,Bay View,11.3,casual
f2079dd4-1e9d-4190-92ac-d3d687162036,"[""soccer""]",[3],"[18, 8]",all,Near East,5.27,casual
e0d5cd3b-55dc-4a07-b86b-59a3a96653aa,"[""badminton""]","[6, 3, 4]",[9],beginner,Rivertown,7.41,one_timer
fdfa0f70-0bd5-42c3-8a5a-ea7377c088e2,"[""football""]","[4, 2, 6]","[20, 19]",advanced,Vilas,13.98,regular
56f57bdc-5207-4c4c-9a6c-309fc1965868,"[""baseball"", ""soccer"", ""cricket""]","[0, 2]","[20, 8]",advanced,Walker's Point,7.45,power
e3a6ce98-4ac2-4528-bfe6-f209352597e1,"[""hockey"", ""baseball"", ""frisbee""]","[1, 3]",[8],intermediate,New Center,2.98,casual
c7a4f247-41d7-4f41-bf2c-900fa097b84b,"[""pickleball"", ""rugby"", ""cricket""]",[6],[9],intermediate,Tenney-Lapham,13.22,one_timer
ab064130-4ce2-4f57-9155-a756ca5bd803,"[""basketball"", ""rugby"", ""hockey""]","[1, 0, 5]","[18, 9]",beginner,Pilsen,13.9,one_timer
c85c9b76-2325-4b92-9270-71488089f651,"[""football""]","[6, 3]","[8, 9]",all,Near West,5.95,casual
cceb459f-b86d-470d-a435-5044e45b8b90,"[""volleyball"", ""frisbee""]","[5, 3]","[17, 7]",intermediate,Pilsen,7.01,one_timer
8ff8820b-103c-479b-abe3-f214a6255987,"[""pickleball""]","[1, 2]",[10],advanced,Wingra,8.73,one_timer
817f1f80-53d2-4e59-a423-89e5b3a9dfb6,"[""soccer"", ""baseball""]","[3, 0, 4]","[19, 17]",advanced,Vilas,8.74,regular
9b971286-74d4-40da-9fde-c79c0312c7c9,"[""tennis"", ""rugby""]","[1, 5]",[9],intermediate,Wicker Park,7.67,one_timer
6822eb4c-2fe3-44fb-a6a3-b23a739f10d9,"[""football"", ""tennis"", ""basketball""]","[1, 5, 2]","[10, 7]",advanced,Tenney-Lapham,13.06,casual
b9519337-c516-4a2e-9b42-9d45cdae3206,"[""pickleball"", ""cricket"", ""frisbee""]","[3, 6, 4]","[9, 19]",all,Walker's Point,2.56,one_timer
f971e5ad-fc81-4621-ac3f-e517d47cf835,"[""cricket"", ""hockey""]",[2],[19],beginner,Midtown,12.91,one_timer
fae17aca-d5ab-46fb-91e2-a2c47a1e315b,"[""volleyball"", ""frisbee"", ""tennis""]","[0, 2]","[10, 20]",advanced,Wingra,5.33,one_timer
27474b7f-f444-4ac1-a847-051ccbafc9eb,"[""volleyball"", ""football""]","[5, 2, 4]",[17],all,Riverside,0.04,casual
14c49598-4f33-4270-ab48-a1424a2e1134,"[""badminton"", ""frisbee"", ""volleyball""]","[4, 1]","[8, 7]",intermediate,Hyde Park,10.6,regular
6509798b-921b-461a-a5f7-97286d65bdd2,"[""soccer"", ""badminton""]","[2, 1, 6]",[10],beginner,Wingra,3.09,one_timer
60065e50-4bb2-4391-b222-38543ea28691,"[""hockey"", ""soccer"", ""baseball""]","[1, 5, 0]",[7],all,Uptown,13.23,casual
c2ff142b-6fd0-4fbc-a53f-f7d29f31f5d5,"[""rugby"", ""badminton"", ""frisbee""]","[2, 6, 3]","[17, 7]",all,Near West,1.09,power
d9a35cf3-a98f-4f37-9779-6867fe990d35,"[""frisbee"", ""badminton""]",[4],[19],beginner,Rivertown,14.87,casual
08cbd9ae-d321-46b0-85ba-6afeb39b67f2,"[""tennis""]","[5, 6, 1]","[17, 9]",intermediate,Corktown,7.71,casual
9363d99b-0d85-49b6-9e19-a74006330db9,"[""tennis""]","[3, 0]","[7, 20]",all,Lincoln Park,5.27,one_timer
1cd6b2a9-d8c9-4f35-901e-f2d5a89ef72c,"[""rugby""]","[1, 6, 4]","[10, 20]",advanced,Corktown,1.13,regular
f9825c41-6862-47d3-a606-29deee0e38ce,"[""hockey"", ""volleyball""]","[4, 6, 0]","[9, 17]",all,Corktown,11.56,casual
2b3d464d-b532-4fa1-bddb-e3b083985eb8,"[""baseball"", ""pickleball"", ""basketball""]","[0, 3]",[18],advanced,Vilas,10.97,regular
5638c2fb-bfe1-44d7-a99e-25e634980158,"[""rugby"", ""cricket"", ""soccer""]",[6],[18],beginner,New Center,0.6,casual
39016ed4-36c1-4666-913b-b18e8f5c8159,"[""baseball""]","[3, 1]","[10, 8]",beginner,Seward,4.32,casual
c3fca705-cd28-41c0-bcec-690d4b255ae6,"[""frisbee"", ""badminton"", ""basketball""]","[5, 6, 4]",[8],advanced,Lincoln Park,12.19,regular
23b3a77e-c5c4-474c-a8ca-297432433dda,"[""soccer"", ""badminton"", ""volleyball""]","[1, 5]","[9, 18]",beginner,Hyde Park,4.06,casual
d5b70b10-c984-4886-9c52-58a0e43aa501,"[""pickleball"", ""football""]",[5],[10],beginner,Shorewood,6.57,casual
b75a1db8-c69b-4551-91bf-b937d251c6e4,"[""rugby""]",[2],"[19, 8]",intermediate,Lincoln Park,11.51,casual
75f0e178-edf6-403e-bc64-8c1aec0bca0f,"[""frisbee"", ""football"", ""tennis""]",[5],[9],advanced,Wicker Park,11.37,one_timer
311484f6-7422-4805-a549-39884a900be6,"[""cricket"", ""football"", ""pickleball""]","[0, 6, 2]","[8, 9]",all,Northeast,6.22,one_timer
d676fe5f-b73d-46d0-82a2-8a9a6558c507,"[""soccer"", ""football"", ""rugby""]",[6],[7],beginner,Walker's Point,9.32,regular
3fb3bec0-c59f-4440-bbcd-48228c724236,"[""cricket"", ""basketball""]",[6],[20],advanced,Wingra,4.12,one_timer
e61218ff-ce7f-44ac-8756-66aaf2ddda13,"[""football""]",[3],"[20, 7]",intermediate,Vilas,1.4,one_timer
dee342d0-4f87-4ae5-be75-42a5ed09e31f,"[""cricket"", ""tennis""]","[6, 1]",[10],advanced,Logan Square,1.62,regular
168218bc-79ba-4142-adfd-4b9957c66bad,"[""soccer"", ""volleyball"", ""cricket""]","[3, 4]","[18, 19]",all,Longfellow,14.62,one_timer
5e1fcc54-8b18-4899-8387-b904176be467,"[""badminton""]","[2, 3]",[10],intermediate,Near East,2.24,regular
ec2275cc-58ba-4fe1-a82e-0774e17f3b26,"[""baseball"", ""badminton""]","[6, 3, 1]",[20],beginner,Hyde Park,8.52,casual
efdd27bd-5f34-4552-9160-e3b8372acfc7,"[""frisbee"", ""hockey"", ""soccer""]","[6, 2, 0]",[9],beginner,Hyde Park,0.52,power
7d728832-bf9e-4622-ab40-d5f5b31435e5,"[""hockey""]","[3, 4, 0]",[18],all,Seward,0.9,power
bec9a960-cd24-4f90-8d14-d986b6ba4208,"[""hockey"", ""volleyball""]","[6, 2]","[10, 17]",advanced,Northeast,8.45,one_timer
853ee20d-7e44-43d6-b101-38c573e0448f,"[""badminton"", ""hockey"", ""cricket""]","[4, 1, 0]","[7, 8]",all,Longfellow,3.34,regular
d044138f-b562-449b-a965-189c5c98ebd8,"[""pickleball"", ""soccer"", ""rugby""]","[0, 2]","[7, 20]",advanced,Midtown,2.3,casual
8eaa9194-9aed-4a92-a27a-d27bf343d0d7,"[""rugby""]",[1],[20],beginner,Seward,7.77,casual
705e18c8-fe59-41d9-87f8-350045013f82,"[""pickleball"", ""soccer""]",[2],[18],intermediate,Rivertown,11.96,casual
6fdfbd33-b2c4-4b3a-b6ac-73319759e063,"[""cricket"", ""badminton""]","[2, 0, 1]",[9],advanced,Lincoln Park,4.25,casual
f3bafc7d-817d-49d4-affd-8d89d3564003,"[""volleyball"", ""badminton""]","[4, 1]",[9],advanced,Isthmus,7.59,one_timer
6bd9cb22-12e8-411c-ac33-ce2450a12a78,"[""rugby"", ""volleyball""]","[3, 5, 1]",[17],advanced,Pilsen,4.17,casual
4706a9a3-3619-4572-a8f7-884afb0b393b,"[""hockey""]","[1, 0]",[10],all,Corktown,8.23,casual
5c5d5851-71b3-4ea5-8923-25bbdec058f2,"[""soccer"", ""pickleball"", ""volleyball""]","[4, 0, 2]","[7, 10]",advanced,Seward,9.83,regular
0b88df00-6e81-4eba-9c91-d881a0056e50,"[""badminton""]","[3, 0, 4]","[8, 10]",advanced,Near West,1.27,casual
7f00ac0e-d334-4ef2-8592-5dd353aab08f,"[""hockey"", ""pickleball""]","[2, 0]","[9, 18]",advanced,Uptown,13.34,regular
be339cff-4177-4353-99ed-c22d8af6c6d1,"[""frisbee"", ""pickleball"", ""football""]","[1, 5, 3]",[10],all,Near East,5.9,casual
83b19d4d-219e-4da9-82fa-d77593153bad,"[""pickleball"", ""hockey""]",[3],[9],intermediate,Midtown,2.12,casual
9019f535-d6eb-4b83-8c7f-f2ddc3a1a67e,"[""badminton""]","[4, 0, 3]","[7, 9]",all,Riverside,3.45,one_timer
8a689c56-5823-4797-a933-4aba589512e4,"[""cricket""]",[4],"[20, 17]",beginner,East Side,2.76,power
b7bd69fd-232b-4fff-aabf-3a24370a1efe,"[""football"", ""rugby""]","[6, 3, 4]","[20, 8]",advanced,Pilsen,9.64,one_timer
93fff333-b845-46e2-bb6a-318b8478f4a5,"[""volleyball"", ""hockey"", ""rugby""]","[0, 5]",[19],beginner,Rivertown,9.22,regular
27293146-04c9-4e03-87a4-5ce3aaa40d8a,"[""pickleball"", ""baseball""]",[5],[17],all,Bay View,8.97,casual
9496b689-7fb3-4692-bf8b-d0659e469813,"[""volleyball"", ""soccer"", ""football""]",[2],[10],all,Lincoln Park,6.15,casual
a8402b89-cb16-41eb-931b-19b51cf386cf,"[""soccer""]","[6, 2, 0]","[7, 19]",intermediate,Rivertown,13.04,one_timer
b7dbcaf6-2e29-45b9-8855-ff68081ec6da,"[""badminton""]","[2, 0]",[17],all,Hyde Park,4.01,casual
b517ff03-8877-4f87-aa24-f8b8b0c78551,"[""volleyball""]",[1],"[9, 19]",intermediate,Lincoln Park,4.74,regular
38a01afe-5088-47a8-bb54-2a5595c5ba21,"[""volleyball"", ""baseball"", ""cricket""]","[6, 2, 4]",[19],intermediate,Tenney-Lapham,14.47,casual
e43d4b4a-8fe1-4c8c-bf8f-3006ef3bcfa2,"[""basketball"", ""rugby""]",[2],[17],all,Rivertown,2.55,one_timer
d14953d8-bd1f-4c86-88ad-61351e6ad9db,"[""cricket"", ""volleyball"", ""rugby""]","[4, 1, 3]","[9, 18]",advanced,Near East,2.8,one_timer
8e3c82f5-5aa9-4386-ba1a-3cecd9cb528a,"[""tennis"", ""hockey"", ""volleyball""]","[0, 2, 3]","[8, 20]",intermediate,Midtown,4.06,casual
9358b8ae-28e5-4ca7-8ef1-f237a21c4f70,"[""pickleball"", ""volleyball"", ""soccer""]","[4, 3, 1]","[8, 9]",all,Wicker Park,1.93,one_timer
114a13d1-a71b-4fd8-8952-365c04ef9570,"[""soccer"", ""pickleball"", ""badminton""]","[0, 4, 2]","[10, 19]",intermediate,Vilas,0.85,regular
a855a6a8-0dff-4545-9598-5fc74049dc77,"[""rugby""]",[2],[9],intermediate,Seward,2.6,regular
8ef7c03c-a930-4a8a-8470-682262a8ed32,"[""badminton"", ""basketball"", ""tennis""]","[5, 0]","[19, 8]",advanced,Isthmus,0.01,one_timer
75500ca5-6d0c-499e-9f81-d69147e59671,"[""pickleball""]",[2],"[10, 7]",beginner,Logan Square,4.98,casual
c0caca13-67d7-4739-9036-5b6882c5cea6,"[""badminton""]",[5],"[10, 9]",advanced,Eastern Market,14.47,one_timer
2d03c1f1-4851-46a0-805d-b515172ac281,"[""hockey"", ""basketball"", ""soccer""]",[4],[7],intermediate,Bay View,2.83,one_timer
43087fa3-e215-4486-997c-0f5264b009c2,"[""rugby""]","[1, 6]","[8, 18]",intermediate,Midtown,10.17,regular
bdc1b2e6-6839-4e0b-8d12-4afadd7d4e01,"[""basketball"", ""soccer""]","[0, 4, 1]","[20, 19]",intermediate,East Side,7.37,one_timer
b3ad7c02-eb90-47fa-8355-bed11101c080,"[""basketball""]",[6],[20],beginner,Longfellow,12.96,one_timer
f0181d41-db45-4538-9d97-bc0060f4541f,"[""soccer""]","[2, 1]","[7, 8]",advanced,New Center,10.5,power
d4e014ef-3be4-43fa-88e0-bf6975202e9c,"[""football"", ""hockey""]","[3, 0]",[17],intermediate,Rivertown,11.42,one_timer
e143caad-93bb-4a43-8142-2732eb3888c6,"[""cricket""]","[4, 6, 5]","[7, 9]",beginner,Near East,0.94,one_timer
71fdcf55-d2f2-4950-99d5-12eedab0a4ae,"[""cricket""]",[4],[8],all,Midtown,11.86,regular
461108cc-7b8e-4bcf-a937-50d9fdc49170,"[""baseball"", ""pickleball"", ""soccer""]",[2],"[19, 7]",all,Midtown,4.96,casual
5d40db3a-4b37-4cc8-8938-47ce02b1d62d,"[""frisbee""]","[4, 0, 2]",[19],intermediate,Near East,10.16,casual
e9418284-bf75-4cba-9316-ab655a158d2b,"[""volleyball"", ""tennis""]","[1, 2]",[7],all,Tenney-Lapham,7.77,regular
6053021e-ccb6-450a-8adb-776d77141bde,"[""frisbee""]",[0],[10],advanced,Corktown,4.27,casual
6b94df36-7de9-4fce-b19f-d1999dc6bb72,"[""football""]","[1, 3, 6]","[20, 19]",intermediate,Corktown,1.72,one_timer
785926d6-80b6-437d-882e-d395fe400803,"[""football"", ""tennis""]","[2, 3, 5]","[17, 10]",beginner,Uptown,7.33,one_timer
5b6e3794-a05c-45cf-aa9b-e14145a55263,"[""tennis"", ""rugby"", ""basketball""]","[5, 3, 1]",[7],intermediate,Eastern Market,10.44,casual
850ac27a-a1a9-4a2d-8503-20703ad30e4b,"[""basketball""]","[2, 5]",[10],intermediate,Bay View,11.45,one_timer
c0078f74-092d-4628-9fab-3e6d52b879ba,"[""tennis"", ""badminton""]","[6, 1, 4]","[17, 20]",advanced,Shorewood,12.3,regular
cf2af932-8786-4ef7-a3bc-80f70ea1c1d4,"[""frisbee"", ""football""]",[6],[18],beginner,Hyde Park,0.5,casual
a7765eed-f13c-4b8c-b3d0-d856f6bd9cc9,"[""tennis""]",[0],[8],advanced,East Side,9.58,power
4273977a-4986-4114-bf0b-6936d88ccaae,"[""baseball"", ""soccer""]",[0],[10],beginner,Logan Square,10.81,casual
4344779a-9c6e-404f-ac94-875971abd1af,"[""frisbee"", ""cricket"", ""baseball""]",[6],[19],intermediate,East Side,7.45,casual
fdfcfe99-0d96-4b01-99e6-23a06f2dd002,"[""basketball"", ""soccer""]","[3, 1, 2]","[18, 7]",advanced,Rivertown,0.93,regular
f294ca90-c130-45be-94cf-07ec0d1c4a48,"[""basketball""]","[2, 3]",[20],beginner,Vilas,14.05,regular
5e3a3298-dc7b-46a9-8bcc-37c2f7b69ea1,"[""pickleball"", ""hockey""]",[3],[8],advanced,Isthmus,1.53,regular
3e22aa3e-2316-40ea-85df-5d85268bd162,"[""soccer""]","[5, 1, 0]","[17, 8]",all,Shorewood,9.06,power
2693a9c8-23e7-4c1f-9e0d-79ec31aacad4,"[""rugby"", ""football"", ""soccer""]","[1, 3]","[10, 9]",all,Isthmus,3.64,power
5660b019-bed3-4c5a-b0dc-a18ddb59ac91,"[""volleyball"", ""football""]","[3, 6]","[9, 20]",advanced,Eastern Market,5.1,casual
524b0e0c-b6f9-4f64-942c-e1ed38865822,"[""volleyball"", ""soccer"", ""tennis""]","[2, 4]","[7, 17]",intermediate,Seward,5.89,casual
1ad44e46-f1f5-400a-b01e-33201c244cd0,"[""baseball"", ""basketball"", ""soccer""]",[2],[10],all,Lincoln Park,5.34,regular
9fffec16-0533-4a3d-8ba0-6b0771939c9c,"[""badminton"", ""baseball""]","[4, 6, 0]",[9],intermediate,Tenney-Lapham,8.95,casual
e2d32fdc-a215-4763-b35b-cdeded188400,"[""tennis""]","[4, 3, 1]",[8],all,Seward,6.62,one_timer
a3cbb1ef-9d7b-4da7-8881-8fbd900f63e6,"[""basketball"", ""baseball"", ""badminton""]",[2],"[18, 10]",advanced,Shorewood,13.73,one_timer
497097c7-1b4c-405f-a5a6-bfb00013aa61,"[""baseball"", ""tennis""]",[2],[19],advanced,Bay View,13.84,casual
684ce5c3-fb76-4fc5-a8f8-da229cb7759a,"[""baseball"", ""volleyball""]","[4, 3, 6]",[8],all,Wicker Park,2.07,regular
eb73705f-ac3f-414a-93cb-9bd86549224b,"[""pickleball"", ""volleyball""]","[0, 1]","[20, 19]",beginner,Hyde Park,1.65,one_timer
916d7b48-2916-4ae6-861d-3707f41b6cee,"[""badminton"", ""pickleball"", ""football""]","[3, 2, 6]","[19, 18]",all,Riverside,3.78,regular
d929d1e0-3d0a-458a-b0ce-c198b14d151b,"[""baseball"", ""pickleball"", ""soccer""]","[6, 0, 3]",[9],all,Wicker Park,3.48,regular
a2566a41-a170-4559-a1e6-af06a57ef17c,"[""basketball"", ""rugby""]",[0],"[19, 8]",beginner,Riverside,9.89,regular
eacb4269-f3af-49c8-922c-3dca105d3ce4,"[""football""]","[0, 2]","[7, 19]",all,Logan Square,13.86,regular
36790417-9e9d-479e-b022-bbd77318418e,"[""pickleball"", ""volleyball"", ""frisbee""]","[1, 5, 2]","[9, 19]",intermediate,Northeast,0.11,one_timer
cea2165a-7713-4120-9c98-12cbb2443904,"[""tennis"", ""frisbee""]","[5, 0, 6]",[20],advanced,Wicker Park,5.05,power
e3207bfe-b46d-42d7-a9c5-d9b1484f1394,"[""tennis"", ""hockey"", ""frisbee""]","[0, 5, 4]",[7],all,Shorewood,14.86,regular
746090b8-ee42-4b51-968b-a5ddba49d669,"[""hockey"", ""tennis""]",[6],[7],all,Longfellow,11.88,casual
